canonicalized_sequence,accession_count,accessions,regions,row_count,example_genes,note
KAMGIMNSFVNDIFERIAGEASRLAHYNKR,2,sp|Q5BJA5|H2B1_DANRE;tr|G1K2V1|G1K2V1_DANRE,optic_tectum,2,zgc:112234;zgc:173585,Same canonicalized proteoform-like sequence appears under more than one accession; primary analysis therefore retains accession identity.
KHLMEIPVDATHESESYMGSPSLTEQGLRV,2,sp|P17561|EPD_DANRE;tr|A0A2R8Q2Z0|A0A2R8Q2Z0_DANRE,optic_tectum,3,epd,Same canonicalized proteoform-like sequence appears under more than one accession; primary analysis therefore retains accession identity.
LRKGNYAERVGAGAPVYLAAVLEYLTAEILELAGNAARDNKKT,2,sp|Q7ZUY3|H2AX_DANRE;tr|Q5XJK2|Q5XJK2_DANRE,optic_tectum,2,h2ax;h2ax1,Same canonicalized proteoform-like sequence appears under more than one accession; primary analysis therefore retains accession identity.
MASASSSQSTFRLGRTKKNPTVMDQIGKFFG,2,tr|F8W3R0|F8W3R0_DANRE;tr|F8W4C1|F8W4C1_DANRE,telencephalon,2,mbpb,Same canonicalized proteoform-like sequence appears under more than one accession; primary analysis therefore retains accession identity.
MATASTSGQNPFGLGRKKKAPGVLDQISRF,2,tr|E7F0U0|E7F0U0_DANRE;tr|F8W3B3|F8W3B3_DANRE,telencephalon,2,mbpa,Same canonicalized proteoform-like sequence appears under more than one accession; primary analysis therefore retains accession identity.
MATASTSGQNPFGLGRKKKAPGVLDQISRFFG,2,tr|E7F0U0|E7F0U0_DANRE;tr|I3ITP3|I3ITP3_DANRE,telencephalon,3,mbpa,Same canonicalized proteoform-like sequence appears under more than one accession; primary analysis therefore retains accession identity.
MSGRGKTGGKARAKAKSRSSRAGLQFPVGRVHRLLRKGNYAQRVGAGAPVYLAAVLEYLTAEILELAGNAARDNKKTRIIPRHLQLAVRNDEELNKLLGGVTIAQGGVLPNIQA,2,tr|A0A140LGS2|A0A140LGS2_DANRE;tr|Q561S9|Q561S9_DANRE,optic_tectum,2,hist1h2a3;si:ch1073-153i20.5,Same canonicalized proteoform-like sequence appears under more than one accession; primary analysis therefore retains accession identity.
MSGRGKTGGKARAKAKTRSSRAGLQFPVGRVHRLLRKGNYAQRVGAGAPVYLAAVLEYLTAEILELAGNAARDNKKTRIIPRHLQLAVRNDEELNKLLGGVTIAQGGVLPNIQAVLLPKKTEKA,2,tr|A4FVM2|A4FVM2_DANRE;tr|Q4FZZ7|Q4FZZ7_DANRE,optic_tectum,2,hist1h2a2;hist1h2a6,Same canonicalized proteoform-like sequence appears under more than one accession; primary analysis therefore retains accession identity.
RKGNYAERVGAGAPVYLAAVLEYLTAEILELAGNAARDNKK,2,sp|Q7ZUY3|H2AX_DANRE;tr|E7EXD7|E7EXD7_DANRE,optic_tectum,2,h2ax;si:ch211-113a14.19,Same canonicalized proteoform-like sequence appears under more than one accession; primary analysis therefore retains accession identity.
RKGNYAERVGAGAPVYLAAVLEYLTAEILELAGNAARDNKKT,2,sp|Q7ZUY3|H2AX_DANRE;tr|Q5XJK2|Q5XJK2_DANRE,optic_tectum,3,h2ax;h2ax1,Same canonicalized proteoform-like sequence appears under more than one accession; primary analysis therefore retains accession identity.
RKGNYAERVGAGAPVYLAAVLEYLTAEILELAGNAARDNKKTR,2,sp|Q7ZUY3|H2AX_DANRE;tr|F1QTL1|F1QTL1_DANRE,optic_tectum,2,h2ax;hist1h2a11,Same canonicalized proteoform-like sequence appears under more than one accession; primary analysis therefore retains accession identity.
RLLRKGNYAERVGAGAPVYLAAVLEYLTAEILELAGNAARDNKKT,2,sp|Q7ZUY3|H2AX_DANRE;tr|Q5XJK2|Q5XJK2_DANRE,optic_tectum,2,h2ax;h2ax1,Same canonicalized proteoform-like sequence appears under more than one accession; primary analysis therefore retains accession identity.
RRKPLNIDHMNEDKLREKAKELWDWLYSLEAEKFEHMEKLKRQ,2,tr|A0A1D5NS25|A0A1D5NS25_DANRE;tr|E9QDI4|E9QDI4_DANRE,optic_tectum,2,tnnt3b,Same canonicalized proteoform-like sequence appears under more than one accession; primary analysis therefore retains accession identity.
RSTITSREIQTAVRLLLPGELAKH,2,sp|Q5BJA5|H2B1_DANRE;tr|F1R4A4|F1R4A4_DANRE,optic_tectum,2,zgc:112234;zgc:171759,Same canonicalized proteoform-like sequence appears under more than one accession; primary analysis therefore retains accession identity.
RSTITSREIQTAVRLLLPGELAKHAV,2,sp|Q5BJA5|H2B1_DANRE;sp|Q6PC60|H2B3_DANRE,optic_tectum,2,hist2h2l;zgc:112234,Same canonicalized proteoform-like sequence appears under more than one accession; primary analysis therefore retains accession identity.
RSTITSREIQTAVRLLLPGELAKHAVSEGTKA,2,sp|Q5BJA5|H2B1_DANRE;tr|R4GE02|R4GE02_DANRE,optic_tectum,2,si:ch211-113a14.11;zgc:112234,Same canonicalized proteoform-like sequence appears under more than one accession; primary analysis therefore retains accession identity.
RVGAGAPVYLAAVLEYLTAEILELAGNAARDNKKT,2,sp|Q7ZUY3|H2AX_DANRE;tr|Q5XJK2|Q5XJK2_DANRE,optic_tectum,2,h2ax;h2ax1,Same canonicalized proteoform-like sequence appears under more than one accession; primary analysis therefore retains accession identity.
