family,family_key,functional_axis,match_rule,region,role,source_table,source_row,protein_accession,gene,protein_description,first_residue,last_residue,proteoform,precursor_mass,avg_intensity,is_acetylated
Pro-neuropeptide Y,npy,telencephalon,Gene symbol extracted from GN= field equals `npy`.,telencephalon,matched,Proteoform_ID_Tel2.xlsx,61,sp|Q9I8P3|NPY_DANRE,npy,Pro-neuropeptide Y OS=Danio rerio OX=7955 GN=npy PE=3 SV=1,68,96,R.SSADTLISDLLIGETESRPQTRYEDHLAW.,3302.635,8638000.0,no
Synenkephalin,penkb,telencephalon,Gene symbol extracted from GN= field equals `penkb`.,telencephalon,matched,Proteoform_ID_Tel2.xlsx,47,tr|F1QTD1|F1QTD1_DANRE,penkb,Synenkephalin (Fragment) OS=Danio rerio OX=7955 GN=penkb PE=3 SV=1,202,215,R.GGLYDLESGVRELQ.K,1534.776,4832000.0,no
Peptide YY-A,pyya,telencephalon,Gene symbol extracted from GN= field equals `pyya`.,telencephalon,matched,Proteoform_ID_Tel2.xlsx,177,sp|Q9I8P2|PYYA_DANRE,pyya,Peptide YY-A OS=Danio rerio OX=7955 GN=pyya PE=2 SV=1,29,63,A.YPPKPENPGDDAA(PEELAKYYTALRHYINLITRQR)[162.0975].Y,4261.199,877000.0,no
Neurogranin a,nrgna,telencephalon,Gene symbol extracted from GN= field equals `nrgna`.,telencephalon,matched,Proteoform_ID_Tel2.xlsx,65,tr|F6NQC4|F6NQC4_DANRE,nrgna,"Neurogranin (protein kinase C substrate, RC3) a OS=Danio rerio OX=7955 GN=nrgna PE=4 SV=1",1,41,.(MDCRNEGCS)[40.0024]QPQDEDIMDIPLDDPAANKAAAKIQAGFRGHM.T,4498.014,11218500.0,no
Neurogranin a,nrgna,telencephalon,Gene symbol extracted from GN= field equals `nrgna`.,telencephalon,matched,Proteoform_ID_Tel2.xlsx,83,tr|F6NQC4|F6NQC4_DANRE,nrgna,"Neurogranin (protein kinase C substrate, RC3) a OS=Danio rerio OX=7955 GN=nrgna PE=4 SV=1",1,43,.(MDCRNEGC)[40.0022]SQPQDEDIMDIPLDDPAANKAAAKIQAGFRGHMTR.K,4755.168,15145000.0,no
Neurogranin a,nrgna,telencephalon,Gene symbol extracted from GN= field equals `nrgna`.,telencephalon,matched,Proteoform_ID_Tel2.xlsx,139,tr|F6NQC4|F6NQC4_DANRE,nrgna,"Neurogranin (protein kinase C substrate, RC3) a OS=Danio rerio OX=7955 GN=nrgna PE=4 SV=1",1,60,.(MDCRNEGC)[39.9978]SQPQDEDIMDIPLDDPAANKAAAKIQAGFRGHMTRKKMKDDKPREEKQREPK.,6906.332,312600000.0,no
Neurogranin a,nrgna,telencephalon,Gene symbol extracted from GN= field equals `nrgna`.,telencephalon,matched,Proteoform_ID_Tel2.xlsx,188,tr|F6NQC4|F6NQC4_DANRE,nrgna,"Neurogranin (protein kinase C substrate, RC3) a OS=Danio rerio OX=7955 GN=nrgna PE=4 SV=1",1,44,.(M)[Acetyl]DCRNEGCSQPQDEDIMDIPLDDPAANKAAAKIQAGFRGHMTRK.K,4884.267,610000.0,yes
Neurogranin a,nrgna,telencephalon,Gene symbol extracted from GN= field equals `nrgna`.,telencephalon,matched,Proteoform_ID_Tel2.xlsx,229,tr|F6NQC4|F6NQC4_DANRE,nrgna,"Neurogranin (protein kinase C substrate, RC3) a OS=Danio rerio OX=7955 GN=nrgna PE=4 SV=1",42,60,M.TRKKMKDDKPREEKQREPK.,2426.342,1234000.0,no
Neurogranin a,nrgna,telencephalon,Gene symbol extracted from GN= field equals `nrgna`.,telencephalon,matched,Proteoform_ID_Tel2.xlsx,236,tr|F6NQC4|F6NQC4_DANRE,nrgna,"Neurogranin (protein kinase C substrate, RC3) a OS=Danio rerio OX=7955 GN=nrgna PE=4 SV=1",1,42,.(MDCRNEGC)[40.0004]SQPQDEDIMDIPLDDPAANKAAAKIQAGFRGHMT.R,4599.04,1492500.0,no
Synucleins total,synucleins,telencephalon,Protein description contains `Synuclein`.,telencephalon,matched,Proteoform_ID_Tel2.xlsx,11,tr|Q568R9|Q568R9_DANRE,sncga,Gamma1b-synuclein OS=Danio rerio OX=7955 GN=sncga PE=1 SV=1,87,111,E.TMVASAGLVKPGVVKHEEQPADAGQ.,2518.301,4007500.0,no
Synucleins total,synucleins,telencephalon,Protein description contains `Synuclein`.,telencephalon,matched,Proteoform_ID_Tel2.xlsx,101,tr|A0A2R8RP85|A0A2R8RP85_DANRE,sncgb,"Synuclein, gamma b (breast cancer-specific protein 1) OS=Danio rerio OX=7955 GN=sncgb PE=1 SV=1",1,92,.(M)[Acetyl]DVLMKGFSMAKEGVVAAAEKTKAGVEEAALKTKEGVMYVGNKTKEGMVSGVNTVVQKTTDQANIVGETAVGGANVAGQNTVEGLENVAAST.G,9354.757,36870000.0,yes
Synucleins total,synucleins,telencephalon,Protein description contains `Synuclein`.,telencephalon,matched,Proteoform_ID_Tel2.xlsx,142,tr|Q7SX92|Q7SX92_DANRE,sncb,Beta-synuclein OS=Danio rerio OX=7955 GN=sncb PE=1 SV=1,1,127,.(M)[Acetyl]DVFMKGLSKAKEGMAVAAEKTKEGVAVAAEKTKEGVMFVGSKTKDSVATVAEKTKEQASQLGGAVMSGAGNIAAATGLVKKDEFPSDMNPEFGQEATEEPGEGLMDPEGQTYDDNQQ(ESQDYEPEA)[17.1449].,13391.398,280050000.0,yes
Synucleins total,synucleins,telencephalon,Protein description contains `Synuclein`.,telencephalon,matched,Proteoform_ID_Tel2.xlsx,146,tr|Q568R9|Q568R9_DANRE,sncga,Gamma1b-synuclein OS=Danio rerio OX=7955 GN=sncga PE=1 SV=1,1,111,.(M)[Acetyl]DALKKGFSIAKEGVVAAAEKTKAGVEEAAAKTKEGVMYVGTKTKEGVATSVNTVAQKTTDQANLMSDTAVAGANEVSEKAVEGLETMVASAGLVKPGVVKHEEQPADAGQ.,11299.816,322350000.0,yes
Synucleins total,synucleins,telencephalon,Protein description contains `Synuclein`.,telencephalon,matched,Proteoform_ID_Tel2.xlsx,184,tr|Q7SX92|Q7SX92_DANRE,sncb,Beta-synuclein OS=Danio rerio OX=7955 GN=sncb PE=1 SV=1,1,77,.(M)[Acetyl]DVFMKGLSKAKEGMAVAAEKTKEGVAVAAEKTKEGVMFVGSKTKDSVATVAEKTKEQASQLGGAVMSGAGNIAAAT.G,7773.037,5140000.0,yes
Synucleins total,synucleins,telencephalon,Protein description contains `Synuclein`.,telencephalon,matched,Proteoform_ID_Tel2.xlsx,199,tr|Q7SX92|Q7SX92_DANRE,sncb,Beta-synuclein OS=Danio rerio OX=7955 GN=sncb PE=1 SV=1,1,127,.(M)[Acetyl]DVFMKGLSKAKEGMAVAAEKTKEGVAVAAEKTKEGVMFVGSKTKDSVATVAEKTKEQASQLGGAVMSGAGNIAAATGLVKKDEFPSDMNPEFGQEATEEPGEGLMDPEGQTYDDNQQESQDYEPEA.,13374.386,811500000.0,yes
Synucleins total,synucleins,telencephalon,Protein description contains `Synuclein`.,telencephalon,matched,Proteoform_ID_Tel2.xlsx,203,tr|A0A2R8RP85|A0A2R8RP85_DANRE,sncgb,"Synuclein, gamma b (breast cancer-specific protein 1) OS=Danio rerio OX=7955 GN=sncgb PE=1 SV=1",1,113,.(M)[Acetyl]DVLMKGFSMAKEGVVAAAEKTKAGVEEAALKTKEGVMYVGNKTKEGMVSGVNTVVQKTTDQANIVGETAVG(GANVAGQNTVEGLENV)[17.4057]AASTGMVNPGDFSHGGMEGGEGGEG.Y,11330.531,22565000.0,yes
Synucleins total,synucleins,telencephalon,Protein description contains `Synuclein`.,telencephalon,matched,Proteoform_ID_Tel2.xlsx,204,tr|A0A2R8RP85|A0A2R8RP85_DANRE,sncgb,"Synuclein, gamma b (breast cancer-specific protein 1) OS=Danio rerio OX=7955 GN=sncgb PE=1 SV=1",1,114,.(M)[Acetyl]DVLMKGFSMAKEGVVAAAEKTKAGVEEAALKTKEGVMYVGNKTKEGMVSGVNTVVQKTTDQANIVGETAVGGANVAGQNTVEGLENV(A)[19.3502]ASTGMVNPGDFSHGGMEGGEGGEGY.,11495.609,134000000.0,yes
Synucleins total,synucleins,telencephalon,Protein description contains `Synuclein`.,telencephalon,matched,Proteoform_ID_Tel2.xlsx,205,tr|A0A2R8RP85|A0A2R8RP85_DANRE,sncgb,"Synuclein, gamma b (breast cancer-specific protein 1) OS=Danio rerio OX=7955 GN=sncgb PE=1 SV=1",1,113,.(M)[Acetyl]DVLMKGFSMAKEGVVAAAEKTKAGVEEAALKTKEGVMYVGNKTKEGMVSGVNTVVQKTTDQANIVGETAVGGANVAGQNTVEGLENVAASTGMVNPGDFSHGGMEGGEGGEG.Y,11313.53,112600000.0,yes
Synucleins total,synucleins,telencephalon,Protein description contains `Synuclein`.,telencephalon,matched,Proteoform_ID_Tel2.xlsx,206,tr|A0A2R8RP85|A0A2R8RP85_DANRE,sncgb,"Synuclein, gamma b (breast cancer-specific protein 1) OS=Danio rerio OX=7955 GN=sncgb PE=1 SV=1",1,114,.(M)[Acetyl]DVLMKGFSMAKEGVVAAAEKTKAGVEEAALKTKEGVMYVGNKTKEGMVSGVNTVVQKTTDQANIVGETAVGGANVAGQNTVEGLE(NV)[4.3885]AASTGMVNPGDFSHGGMEGGEGGEGY.,11480.572,311950.0,yes
Synucleins total,synucleins,telencephalon,Protein description contains `Synuclein`.,telencephalon,matched,Proteoform_ID_Tel2.xlsx,258,tr|A0A2R8RP85|A0A2R8RP85_DANRE,sncgb,"Synuclein, gamma b (breast cancer-specific protein 1) OS=Danio rerio OX=7955 GN=sncgb PE=1 SV=1",1,114,.(M)[Acetyl]DVLMKGFSMAKEGVVAAAEKTKAGVEEAALKTKEGVMYVGNKTKEGMVSGVNTVVQKTTDQANIVGETAVGGANVAGQNTVE(GLENV)[75.4434]AASTGMVNPGDFSHGGMEGGEGGEGY.,11551.622,4865500.0,yes
Synucleins total,synucleins,telencephalon,Protein description contains `Synuclein`.,telencephalon,matched,Proteoform_ID_Tel2.xlsx,298,tr|A0A2R8RP85|A0A2R8RP85_DANRE,sncgb,"Synuclein, gamma b (breast cancer-specific protein 1) OS=Danio rerio OX=7955 GN=sncgb PE=1 SV=1",1,114,.(M)[Acetyl]DVLMKGFSMAKEGVVAAAEKTKAGVEEAALKTKEGVMYVGNKTKEGMVSGVNTVVQKTTDQANIVGETAVGGANVAGQNTVEGLENVAAS(T)[35.3536]GMVNPGDFSHGGMEGGEGGEGY.,11511.612,55950000.0,yes
Synucleins total,synucleins,telencephalon,Protein description contains `Synuclein`.,telencephalon,matched,Proteoform_ID_Tel2.xlsx,300,tr|Q568R9|Q568R9_DANRE,sncga,Gamma1b-synuclein OS=Danio rerio OX=7955 GN=sncga PE=1 SV=1,1,111,.(M)[Acetyl]DALKKGFSIAKEGVVAAAEKTKAGVEEAAAKTKEGVMYVGTKTKEGVATSVNTVAQKTTDQANL(M)[-1.6209]SDTAVAGANEVSEKAVEGLETMVASAGLVKPGVVKHEEQPADAGQ.,11296.802,66450000.0,yes
Synucleins total,synucleins,telencephalon,Protein description contains `Synuclein`.,telencephalon,matched,Proteoform_ID_Tel2.xlsx,310,tr|A0A2R8RP85|A0A2R8RP85_DANRE,sncgb,"Synuclein, gamma b (breast cancer-specific protein 1) OS=Danio rerio OX=7955 GN=sncgb PE=1 SV=1",1,114,.(M)[Acetyl]DVLMKGFSMAKEGVVAAAEKTKAGVEEAALKTKEGVMYVGNKTKEGMVSGVNTVVQKTTDQANIVGETAVGGANV(AGQNTVEGLENVAASTGMV)[9.7371]NPGDFSHGGMEGGEGGEGY.,11485.921,1533000000.0,yes
Synucleins total,synucleins,telencephalon,Protein description contains `Synuclein`.,optic_tectum,spillover,proteoform_ID_Teo2.xlsx,32,tr|A0A2R8RP85|A0A2R8RP85_DANRE,sncgb,"Synuclein, gamma b (breast cancer-specific protein 1) OS=Danio rerio OX=7955 GN=sncgb PE=1 SV=1",9,34,F.SMAKEGVVAAAEKTKAGVEEAALKTK.E,2616.435,11320000.0,no
Synucleins total,synucleins,telencephalon,Protein description contains `Synuclein`.,optic_tectum,spillover,proteoform_ID_Teo2.xlsx,33,tr|A0A2R8RP85|A0A2R8RP85_DANRE,sncgb,"Synuclein, gamma b (breast cancer-specific protein 1) OS=Danio rerio OX=7955 GN=sncgb PE=1 SV=1",7,32,K.GFSMAKEGVVAAAEKTKAGVEEAALK.T,2591.381,11070000.0,no
Reticulon,reticulon,optic_tectum,Protein description contains `Reticulon`.,optic_tectum,matched,proteoform_ID_Teo2.xlsx,348,tr|A0A2R8PZU6|A0A2R8PZU6_DANRE,rtn4a,Reticulon OS=Danio rerio OX=7955 GN=rtn4a PE=1 SV=1,67,111,R.STMPRKEEPLLDFGEPEPEPSSTIKPEPEAPKPAPISSFGDASPK.Q,4817.42,594500.0,no
Reticulon,reticulon,optic_tectum,Protein description contains `Reticulon`.,optic_tectum,matched,proteoform_ID_Teo2.xlsx,396,tr|A0A2R8PZU6|A0A2R8PZU6_DANRE,rtn4a,Reticulon OS=Danio rerio OX=7955 GN=rtn4a PE=1 SV=1,1,26,.(M)[Acetyl]DDQISSTTPSYDVHHDDEGEFRAEK.Q,3050.311,2862000.0,yes
Reticulon,reticulon,optic_tectum,Protein description contains `Reticulon`.,optic_tectum,matched,proteoform_ID_Teo2.xlsx,406,tr|Q4G5V7|Q4G5V7_DANRE,rtn1a,Reticulon OS=Danio rerio OX=7955 GN=rtn1a PE=1 SV=1,89,138,K.SSSNPFNDGASLFSSEGNRSPPAPTGTDSGIGMTPGDPSDHQTTLQGSHK.S,5027.296,2697000.0,no
Reticulon,reticulon,optic_tectum,Protein description contains `Reticulon`.,optic_tectum,matched,proteoform_ID_Teo2.xlsx,442,tr|Q4G5V7|Q4G5V7_DANRE,rtn1a,Reticulon OS=Danio rerio OX=7955 GN=rtn1a PE=1 SV=1,440,465,K.ASNPFDKPQTNKVSASNPFDLSAGSK.M,2706.344,1540000.0,no
Myosin,myosin,optic_tectum,Protein description contains `Myosin`.,optic_tectum,matched,proteoform_ID_Teo2.xlsx,28,tr|A2BGX6|A2BGX6_DANRE,myhc4,Myosin heavy chain 4 OS=Danio rerio OX=7955 GN=myhc4 PE=1 SV=1,1898,1923,K.LRKVQHELEEAEERADISESQVNKLR.A,3105.638,11780000.0,no
Myosin,myosin,optic_tectum,Protein description contains `Myosin`.,optic_tectum,matched,proteoform_ID_Teo2.xlsx,39,tr|A0A2R8Q2N5|A0A2R8Q2N5_DANRE,myhz1.2,"Myosin, heavy polypeptide 1.2, skeletal muscle OS=Danio rerio OX=7955 GN=myhz1.2 PE=3 SV=1",1484,1503,K.MKNSYEETLDQLETLKRENK.N,2468.243,12285000.0,no
Myosin,myosin,optic_tectum,Protein description contains `Myosin`.,optic_tectum,matched,proteoform_ID_Teo2.xlsx,41,tr|A2BGX6|A2BGX6_DANRE,myhc4,Myosin heavy chain 4 OS=Danio rerio OX=7955 GN=myhc4 PE=1 SV=1,1898,1922,K.LRKVQHELEEAEERADISESQVNKL.R,2949.54,13020000.0,no
Myosin,myosin,optic_tectum,Protein description contains `Myosin`.,optic_tectum,matched,proteoform_ID_Teo2.xlsx,48,tr|A2BGX6|A2BGX6_DANRE,myhc4,Myosin heavy chain 4 OS=Danio rerio OX=7955 GN=myhc4 PE=1 SV=1,1898,1924,K.LRKVQHELEEAEERADISESQVNKLRA.K,3176.675,15230000.0,no
Myosin,myosin,optic_tectum,Protein description contains `Myosin`.,optic_tectum,matched,proteoform_ID_Teo2.xlsx,58,tr|Q7ZUB0|Q7ZUB0_DANRE,myl13,Atrial myosin light chain OS=Danio rerio OX=7955 GN=myl13 PE=1 SV=1,2,31,M.(APKKKEE)[42.0552]PKPAAAPKPPEPEPPKEPEFNAA.E,3260.763,19115000.0,no
Myosin,myosin,optic_tectum,Protein description contains `Myosin`.,optic_tectum,matched,proteoform_ID_Teo2.xlsx,111,tr|A2BGX6|A2BGX6_DANRE,myhc4,Myosin heavy chain 4 OS=Danio rerio OX=7955 GN=myhc4 PE=1 SV=1,1898,1925,K.LRKVQHELEEAEERADISESQVNKLRAK.S,3304.77,57915000.0,no
Myosin,myosin,optic_tectum,Protein description contains `Myosin`.,optic_tectum,matched,proteoform_ID_Teo2.xlsx,112,tr|A2BGX6|A2BGX6_DANRE,myhc4,Myosin heavy chain 4 OS=Danio rerio OX=7955 GN=myhc4 PE=1 SV=1,1898,1921,K.LRKVQHELEEAEERADISESQVNK.L,2836.456,60865000.0,no
Myosin,myosin,optic_tectum,Protein description contains `Myosin`.,optic_tectum,matched,proteoform_ID_Teo2.xlsx,131,tr|Q9I8U7|Q9I8U7_DANRE,mylz3,Fast skeletal muscle myosin light polypeptide 3 OS=Danio rerio OX=7955 GN=mylz3 PE=1 SV=1,77,151,K.TVDANQKGTYDDYVEGLRVFDKEGNGTVMGAELRIVLSTLGEKMSEPEIDALMQGQEDENGMVHYEAFVKNIMSV.,8309.993,126900000.0,no
Myosin,myosin,optic_tectum,Protein description contains `Myosin`.,optic_tectum,matched,proteoform_ID_Teo2.xlsx,132,tr|Q9I8U7|Q9I8U7_DANRE,mylz3,Fast skeletal muscle myosin light polypeptide 3 OS=Danio rerio OX=7955 GN=mylz3 PE=1 SV=1,2,47,M.(A)[Acetyl]GEFTADQIEDFKEAFGLFDRVGDSKVAYNQVAD(IMRAL)[16.0078]GQNPTNK.D,5133.516,60089500.0,yes
Myosin,myosin,optic_tectum,Protein description contains `Myosin`.,optic_tectum,matched,proteoform_ID_Teo2.xlsx,133,tr|A0A2R8QTL0|A0A2R8QTL0_DANRE,mylpfa,"Myosin light chain, phosphorylatable, fast skeletal muscle a OS=Danio rerio OX=7955 GN=mylpfa PE=1 SV=1",7,31,K.RRAAGGEGSSNVFSMFEQSQIQEYK.E,2805.331,111550000.0,no
Myosin,myosin,optic_tectum,Protein description contains `Myosin`.,optic_tectum,matched,proteoform_ID_Teo2.xlsx,146,tr|Q9I8U7|Q9I8U7_DANRE,mylz3,Fast skeletal muscle myosin light polypeptide 3 OS=Danio rerio OX=7955 GN=mylz3 PE=1 SV=1,2,47,M.(A)[Acetyl]GEFTADQIEDFKEAFGLFDRVGDSKVAYNQVADIMRALGQNPTNK.D,5117.523,88060000.0,yes
Myosin,myosin,optic_tectum,Protein description contains `Myosin`.,optic_tectum,matched,proteoform_ID_Teo2.xlsx,208,tr|A0A2R8Q2N5|A0A2R8Q2N5_DANRE,myhz1.2,"Myosin, heavy polypeptide 1.2, skeletal muscle OS=Danio rerio OX=7955 GN=myhz1.2 PE=3 SV=1",1819,1845,R.VRELESEVEAEQRRGADAVKGVRKYER.R,3158.675,9785000.0,no
Myosin,myosin,optic_tectum,Protein description contains `Myosin`.,optic_tectum,matched,proteoform_ID_Teo2.xlsx,219,tr|E7FAD0|E7FAD0_DANRE,myhz1.1,"Myosin, heavy polypeptide 1.1, skeletal muscle OS=Danio rerio OX=7955 GN=myhz1.1 PE=1 SV=3",1600,1625,R.KVQHEMEEAQERADIAESQVNKLRAK.S,3037.565,1565500.0,no
Myosin,myosin,optic_tectum,Protein description contains `Myosin`.,optic_tectum,matched,proteoform_ID_Teo2.xlsx,223,tr|A0A2R8QTL0|A0A2R8QTL0_DANRE,mylpfa,"Myosin light chain, phosphorylatable, fast skeletal muscle a OS=Danio rerio OX=7955 GN=mylpfa PE=1 SV=1",7,168,K.RRAAGGEGSSNVFSMFEQSQIQEYKEAFTIIDQNRDGIISKDDLRDVLASMGQLNVKNEELEAMIKEASGPINFTVFLTMFGEKLKGADPEDVIVSAFKVLD(PEGTGSIKKEFLEELLTTQCDRFTAEEMKNLWAAFPPDVAGNVDYKNICYVITHGEEKEE)[-1.9787].,18097.018,22490000.0,no
Myosin,myosin,optic_tectum,Protein description contains `Myosin`.,optic_tectum,matched,proteoform_ID_Teo2.xlsx,230,tr|A0A2R8QTL0|A0A2R8QTL0_DANRE,mylpfa,"Myosin light chain, phosphorylatable, fast skeletal muscle a OS=Danio rerio OX=7955 GN=mylpfa PE=1 SV=1",32,168,K.EAFTIIDQNRDGIISKDDLRDVLASMGQLNVKNEELEAMIKEASGPINFTVFLTMFGEKLKGADPEDVIVSAFKVLDPEGTGSIKKEF(LEELLTTQCDRFTAEEMKNLWAAFPPDVAGNVDYKNICYVITHGEEKEE)[-131.0575].,15180.666,26125000.0,no
Myosin,myosin,optic_tectum,Protein description contains `Myosin`.,optic_tectum,matched,proteoform_ID_Teo2.xlsx,234,tr|A0A2R8QTL0|A0A2R8QTL0_DANRE,mylpfa,"Myosin light chain, phosphorylatable, fast skeletal muscle a OS=Danio rerio OX=7955 GN=mylpfa PE=1 SV=1",32,168,K.EAFTIIDQNRDGIISKDDLRDVLASMGQLNVKNEELEAMIKEASGPINFTVFLTMFGEKLKGADPEDVIVSAFKVLDPE(GTGSIKKEFLEELLTTQCDRFTAEEMKNLWAAFPPDVAGNVDYKNICYVITHGEEKEE)[-2.9892].,15308.689,118400000.0,no
Myosin,myosin,optic_tectum,Protein description contains `Myosin`.,optic_tectum,matched,proteoform_ID_Teo2.xlsx,236,tr|A0A2R8QTL0|A0A2R8QTL0_DANRE,mylpfa,"Myosin light chain, phosphorylatable, fast skeletal muscle a OS=Danio rerio OX=7955 GN=mylpfa PE=1 SV=1",105,168,F.KVLDPEGTGSIKKEFLEELL(TTQCDRFTAEEMKNLWAAFPPDVAGNVDYKNICYVI)[-1.9889]THGEEKEE.,7285.567,4925000.0,no
Myosin,myosin,optic_tectum,Protein description contains `Myosin`.,optic_tectum,matched,proteoform_ID_Teo2.xlsx,254,tr|A0A2R8QTL0|A0A2R8QTL0_DANRE,mylpfa,"Myosin light chain, phosphorylatable, fast skeletal muscle a OS=Danio rerio OX=7955 GN=mylpfa PE=1 SV=1",106,168,K.VLDPEGTGSIKKEFLEELLTTQCDRFTAEEMKNLWAAFPPDVAGNVDYKN(ICYVITHGEE)[-131.0417]KEE.,7028.434,57450000.0,no
Myosin,myosin,optic_tectum,Protein description contains `Myosin`.,optic_tectum,matched,proteoform_ID_Teo2.xlsx,257,tr|A0A2R8QTL0|A0A2R8QTL0_DANRE,mylpfa,"Myosin light chain, phosphorylatable, fast skeletal muscle a OS=Danio rerio OX=7955 GN=mylpfa PE=1 SV=1",106,168,K.VLDPEGTGSIKKEFLEELL(TTQCDRFTAEEMKNLWAAFPPDVAGNVDYKNICY)[-2.0021]VITHGEEKEE.,7157.474,176000000.0,no
Myosin,myosin,optic_tectum,Protein description contains `Myosin`.,optic_tectum,matched,proteoform_ID_Teo2.xlsx,262,tr|Q9I8U7|Q9I8U7_DANRE,mylz3,Fast skeletal muscle myosin light polypeptide 3 OS=Danio rerio OX=7955 GN=mylz3 PE=1 SV=1,2,151,M.(A)[Acetyl]GEFTADQIEDFKEAFGLFDRVGDSKVAYNQVADIMRALGQNPTNKDVKKILGDPSADDMANKRIDFEAFLPMLKTVDANQKGTYDDYVEGLRVFDKEGNGTVMGAELRIVLSTLGEKMSEPEIDALMQGQEDENGMVHYEAFVKNIMSV.,16669.22,208600000.0,yes
Myosin,myosin,optic_tectum,Protein description contains `Myosin`.,optic_tectum,matched,proteoform_ID_Teo2.xlsx,263,tr|A2BGX6|A2BGX6_DANRE,myhc4,Myosin heavy chain 4 OS=Danio rerio OX=7955 GN=myhc4 PE=1 SV=1,1900,1921,R.KVQHELEEAEERADISESQVNK.L,2567.265,4691000.0,no
Myosin,myosin,optic_tectum,Protein description contains `Myosin`.,optic_tectum,matched,proteoform_ID_Teo2.xlsx,271,tr|Q9I8U7|Q9I8U7_DANRE,mylz3,Fast skeletal muscle myosin light polypeptide 3 OS=Danio rerio OX=7955 GN=mylz3 PE=1 SV=1,48,151,K.DVKKILGDPSADDMANKRIDFEAFLPMLKTVDANQKGTYDDYVEGLRVFDKEGNGTVMGAELRIVLSTLGEKMSEPEIDALMQGQEDENGMVHYEAFVKNIMSV.,11569.626,26755000.0,no
Myosin,myosin,optic_tectum,Protein description contains `Myosin`.,optic_tectum,matched,proteoform_ID_Teo2.xlsx,275,tr|Q9I8U7|Q9I8U7_DANRE,mylz3,Fast skeletal muscle myosin light polypeptide 3 OS=Danio rerio OX=7955 GN=mylz3 PE=1 SV=1,2,76,M.(A)[Acetyl]GEFTADQIEDFKEAFGLFDRVGDSKVAYNQVADIMRALGQNPTNKDVKKILGDPSADDMANKRIDFEAFLPMLK.T,8376.212,804000000.0,yes
Myosin,myosin,optic_tectum,Protein description contains `Myosin`.,optic_tectum,matched,proteoform_ID_Teo2.xlsx,276,tr|Q9I8U7|Q9I8U7_DANRE,mylz3,Fast skeletal muscle myosin light polypeptide 3 OS=Danio rerio OX=7955 GN=mylz3 PE=1 SV=1,2,76,M.(A)[58.1066]GEFTADQIEDFKEAFGLFDRVGDSKVAYNQVADIMRALGQNPTNKDVKKILGDPSADDMANKRIDFEAFLPMLK.T,8392.197,181700000.0,no
Myosin,myosin,optic_tectum,Protein description contains `Myosin`.,optic_tectum,matched,proteoform_ID_Teo2.xlsx,278,tr|A0A2R8QTL0|A0A2R8QTL0_DANRE,mylpfa,"Myosin light chain, phosphorylatable, fast skeletal muscle a OS=Danio rerio OX=7955 GN=mylpfa PE=1 SV=1",32,105,K.EAFTIIDQNRDGIISKDDLRDVLASMGQLNVKNEELEAMIKEASGPINFTVFLTMFGEKLKGADPEDVIVSAFK.V,8170.208,121400000.0,no
Myosin,myosin,optic_tectum,Protein description contains `Myosin`.,optic_tectum,matched,proteoform_ID_Teo2.xlsx,280,tr|Q9I8U7|Q9I8U7_DANRE,mylz3,Fast skeletal muscle myosin light polypeptide 3 OS=Danio rerio OX=7955 GN=mylz3 PE=1 SV=1,48,73,K.DVKKILGDPSADDMANKRIDFEAF(L)[388.2261]P.M,3292.705,20770000.0,no
Myosin,myosin,optic_tectum,Protein description contains `Myosin`.,optic_tectum,matched,proteoform_ID_Teo2.xlsx,282,tr|B8JKH7|B8JKH7_DANRE,mylz3,"Myosin, light polypeptide 3, skeletal muscle (Fragment) OS=Danio rerio OX=7955 GN=mylz3 PE=1 SV=1",72,100,K.DVKKILGDPSADDMANKRIDFEAFLPMLK.T,3276.709,89450000.0,no
Myosin,myosin,optic_tectum,Protein description contains `Myosin`.,optic_tectum,matched,proteoform_ID_Teo2.xlsx,285,tr|B8JKH7|B8JKH7_DANRE,mylz3,"Myosin, light polypeptide 3, skeletal muscle (Fragment) OS=Danio rerio OX=7955 GN=mylz3 PE=1 SV=1",75,100,K.KILGDPSADDMANKRIDFEAFLPMLK.T,2934.518,4914500.0,no
Myosin,myosin,optic_tectum,Protein description contains `Myosin`.,optic_tectum,matched,proteoform_ID_Teo2.xlsx,289,tr|Q9I8U7|Q9I8U7_DANRE,mylz3,Fast skeletal muscle myosin light polypeptide 3 OS=Danio rerio OX=7955 GN=mylz3 PE=1 SV=1,2,93,M.(A)[Acetyl]GEFTADQIEDFKEAFGLFDRVGDSKVAYNQVADIMRALGQNPTNKDVKKILGDPSADDMANKRIDFEAFLPMLKTVDANQKGTYDDYVEGL.R,10245.071,38945000.0,yes
Myosin,myosin,optic_tectum,Protein description contains `Myosin`.,optic_tectum,matched,proteoform_ID_Teo2.xlsx,293,tr|Q9I8U7|Q9I8U7_DANRE,mylz3,Fast skeletal muscle myosin light polypeptide 3 OS=Danio rerio OX=7955 GN=mylz3 PE=1 SV=1,2,51,M.(A)[Acetyl]GEFTADQIEDFKEAFGLFDRVGDSKVAYNQVADIMRALGQNPTNKDVKK.I,5586.807,93650000.0,yes
Myosin,myosin,optic_tectum,Protein description contains `Myosin`.,optic_tectum,matched,proteoform_ID_Teo2.xlsx,309,tr|Q9I8U7|Q9I8U7_DANRE,mylz3,Fast skeletal muscle myosin light polypeptide 3 OS=Danio rerio OX=7955 GN=mylz3 PE=1 SV=1,2,64,M.(A)[Acetyl]GEFTADQIEDFKEAFGLFDRVGDSKVAYNQVADIMRALGQNPTNKDVKKILGDPSADDMANK.R,6915.409,497150000.0,yes
Myosin,myosin,optic_tectum,Protein description contains `Myosin`.,optic_tectum,matched,proteoform_ID_Teo2.xlsx,311,tr|Q9I8U7|Q9I8U7_DANRE,mylz3,Fast skeletal muscle myosin light polypeptide 3 OS=Danio rerio OX=7955 GN=mylz3 PE=1 SV=1,2,64,M.(A)[Acetyl]GEFTADQIEDFKEAFGLFDRVGDSKVAYNQVAD(IMRALGQNPTNKD)[16.0145]VKKILGDPSADDMANK.R,6931.396,113950000.0,yes
Myosin,myosin,optic_tectum,Protein description contains `Myosin`.,optic_tectum,matched,proteoform_ID_Teo2.xlsx,325,tr|Q66I73|Q66I73_DANRE,mylpfb,"Myosin light chain, phosphorylatable, fast skeletal muscle b OS=Danio rerio OX=7955 GN=mylpfb PE=1 SV=1",2,32,M.((A)[Acetyl]PKKAKKRQQAEGGSSNVFSM)[-749.4690]FEQSQIQEYK.E,2821.325,6395000.0,yes
Myosin,myosin,optic_tectum,Protein description contains `Myosin`.,optic_tectum,matched,proteoform_ID_Teo2.xlsx,326,tr|E9QG51|E9QG51_DANRE,mylpfb,"Myosin light chain, phosphorylatable, fast skeletal muscle b (Fragment) OS=Danio rerio OX=7955 GN=mylpfb PE=1 SV=1",1,11,.(M)[-25.9443]FEQSQIQEYK.E,1403.671,132850.0,no
Myosin,myosin,optic_tectum,Protein description contains `Myosin`.,optic_tectum,matched,proteoform_ID_Teo2.xlsx,334,tr|Q9I8U7|Q9I8U7_DANRE,mylz3,Fast skeletal muscle myosin light polypeptide 3 OS=Danio rerio OX=7955 GN=mylz3 PE=1 SV=1,2,50,M.(A)[Acetyl]GEFTADQIEDFKEAFGLFDRVGDSKVAYNQVADIMRALGQNPTNKDVK.K,5459.712,12445000.0,yes
Myosin,myosin,optic_tectum,Protein description contains `Myosin`.,optic_tectum,matched,proteoform_ID_Teo2.xlsx,336,tr|Q9I8U7|Q9I8U7_DANRE,mylz3,Fast skeletal muscle myosin light polypeptide 3 OS=Danio rerio OX=7955 GN=mylz3 PE=1 SV=1,2,50,M.(A)[Acetyl]GEFTADQIEDFKEAFGLFDRVGDSKVAYNQV(ADIMRALGQNPTNKD)[16.0128]VK.K,5475.706,11300000.0,yes
Myosin,myosin,optic_tectum,Protein description contains `Myosin`.,optic_tectum,matched,proteoform_ID_Teo2.xlsx,345,tr|A0A2R8Q2N5|A0A2R8Q2N5_DANRE,myhz1.2,"Myosin, heavy polypeptide 1.2, skeletal muscle OS=Danio rerio OX=7955 GN=myhz1.2 PE=3 SV=1",1504,1528,K.NLQQEISDLTEQIGETGKSIHELEK.S,2838.445,12015000.0,no
Myosin,myosin,optic_tectum,Protein description contains `Myosin`.,optic_tectum,matched,proteoform_ID_Teo2.xlsx,349,tr|A2BGX6|A2BGX6_DANRE,myhc4,Myosin heavy chain 4 OS=Danio rerio OX=7955 GN=myhc4 PE=1 SV=1,1534,1559,K.TVETEKAEIQTALEEAEGTLEHEESK.I,2900.397,800500.0,no
Myosin,myosin,optic_tectum,Protein description contains `Myosin`.,optic_tectum,matched,proteoform_ID_Teo2.xlsx,354,tr|Q9I8U7|Q9I8U7_DANRE,mylz3,Fast skeletal muscle myosin light polypeptide 3 OS=Danio rerio OX=7955 GN=mylz3 PE=1 SV=1,77,101,K.TVDANQKGTYDDYVEGLRVFDKEGN.G,2832.343,515500.0,no
Myosin,myosin,optic_tectum,Protein description contains `Myosin`.,optic_tectum,matched,proteoform_ID_Teo2.xlsx,380,tr|Q9I8U7|Q9I8U7_DANRE,mylz3,Fast skeletal muscle myosin light polypeptide 3 OS=Danio rerio OX=7955 GN=mylz3 PE=1 SV=1,2,47,M.(A)[Acetyl]GEFTADQIEDFKEAFGLFDRVGDSKVAYNQVAD(IMRAL)[32.0102]GQNPTNK.D,5149.508,26490000.0,yes
Myosin,myosin,optic_tectum,Protein description contains `Myosin`.,optic_tectum,matched,proteoform_ID_Teo2.xlsx,450,tr|A0A0R4IKJ0|A0A0R4IKJ0_DANRE,myl10,"Myosin, light chain 10, regulatory OS=Danio rerio OX=7955 GN=myl10 PE=1 SV=1",8,29,K.KKEAASSNVFSMFEQSQIQEFK.E,2562.256,1927500.0,no
Myosin,myosin,optic_tectum,Protein description contains `Myosin`.,optic_tectum,matched,proteoform_ID_Teo2.xlsx,456,tr|A2BGX6|A2BGX6_DANRE,myhc4,Myosin heavy chain 4 OS=Danio rerio OX=7955 GN=myhc4 PE=1 SV=1,1899,1925,L.RKVQHELEEAEERADISESQVNKLRAK.S,3191.678,2289000.0,no
Myosin,myosin,optic_tectum,Protein description contains `Myosin`.,optic_tectum,matched,proteoform_ID_Teo2.xlsx,460,tr|Q9I8U7|Q9I8U7_DANRE,mylz3,Fast skeletal muscle myosin light polypeptide 3 OS=Danio rerio OX=7955 GN=mylz3 PE=1 SV=1,77,128,K.TVDANQKGTYDDYVEGLRVFDKEGNGTVMGAELRIVLSTLGEKMSEPEIDAL.M,5673.803,2574000.0,no
Myosin,myosin,optic_tectum,Protein description contains `Myosin`.,optic_tectum,matched,proteoform_ID_Teo2.xlsx,486,tr|A0A2R8Q2N5|A0A2R8Q2N5_DANRE,myhz1.2,"Myosin, heavy polypeptide 1.2, skeletal muscle OS=Danio rerio OX=7955 GN=myhz1.2 PE=3 SV=1",1819,1841,R.VRELESEVEAEQRRGADAVKGVR.K,2582.37,6625000.0,no
Myosin,myosin,optic_tectum,Protein description contains `Myosin`.,optic_tectum,matched,proteoform_ID_Teo2.xlsx,488,tr|A0A2R8QTL0|A0A2R8QTL0_DANRE,mylpfa,"Myosin light chain, phosphorylatable, fast skeletal muscle a OS=Danio rerio OX=7955 GN=mylpfa PE=1 SV=1",7,31,K.RRAAGGEGSSNVFS(M)[16.0021]FEQSQIQEYK.E,2821.326,7755000.0,no
Myosin,myosin,optic_tectum,Protein description contains `Myosin`.,optic_tectum,matched,proteoform_ID_Teo2.xlsx,489,tr|A2BGX6|A2BGX6_DANRE,myhc4,Myosin heavy chain 4 OS=Danio rerio OX=7955 GN=myhc4 PE=1 SV=1,1849,1878,R.VKELTYQTEEDKKNINRLQDLVDKLQLKVK.A,3628.046,7980000.0,no
Myosin,myosin,optic_tectum,Protein description contains `Myosin`.,optic_tectum,matched,proteoform_ID_Teo2.xlsx,505,tr|E9QG51|E9QG51_DANRE,mylpfb,"Myosin light chain, phosphorylatable, fast skeletal muscle b (Fragment) OS=Danio rerio OX=7955 GN=mylpfb PE=1 SV=1",1,11,.(M)[87.0377]FEQSQIQEYK.E,1516.697,21150000.0,no
Myosin,myosin,optic_tectum,Protein description contains `Myosin`.,optic_tectum,matched,proteoform_ID_Teo2.xlsx,508,tr|A2BGX6|A2BGX6_DANRE,myhc4,Myosin heavy chain 4 OS=Danio rerio OX=7955 GN=myhc4 PE=1 SV=1,1849,1897,R.VKELTYQTEEDKKNINRLQDLVDKLQLKVKAYKRQSEEAEEQANSHLSK.L,5814.098,24540000.0,no
Actin,actin,optic_tectum,Protein description contains `Actin`.,optic_tectum,matched,proteoform_ID_Teo2.xlsx,8,sp|Q7ZVF9|ACTB2_DANRE,actbb,"Actin, cytoplasmic 2 OS=Danio rerio OX=7955 GN=actbb PE=1 SV=2",92,118,Y.NELRVAPEEHPVLLTEAPLNPKANREK.M,3063.671,12234500.0,no
Actin,actin,optic_tectum,Protein description contains `Actin`.,optic_tectum,matched,proteoform_ID_Teo2.xlsx,12,sp|Q7ZVF9|ACTB2_DANRE,actbb,"Actin, cytoplasmic 2 OS=Danio rerio OX=7955 GN=actbb PE=1 SV=2",19,56,K.AGFAGDDAPRAVFPSIVGRPRHQGVMVGMGQKDSYVGD.E,3944.942,3174500.0,no
Actin,actin,optic_tectum,Protein description contains `Actin`.,optic_tectum,matched,proteoform_ID_Teo2.xlsx,81,sp|Q7ZVF9|ACTB2_DANRE,actbb,"Actin, cytoplasmic 2 OS=Danio rerio OX=7955 GN=actbb PE=1 SV=2",19,45,K.AGFAGDDAPRAVFPSIVGRPRHQGVMV.G,2806.465,30395000.0,no
Actin,actin,optic_tectum,Protein description contains `Actin`.,optic_tectum,matched,proteoform_ID_Teo2.xlsx,114,sp|Q7ZVF9|ACTB2_DANRE,actbb,"Actin, cytoplasmic 2 OS=Danio rerio OX=7955 GN=actbb PE=1 SV=2",19,61,K.AGFAGDDA(PRAVFPSIVGRPRHQGVMVGMGQK)[16.0136]DSYVGDEAQSK.R,4503.205,60180000.0,no
Actin,actin,optic_tectum,Protein description contains `Actin`.,optic_tectum,matched,proteoform_ID_Teo2.xlsx,119,sp|Q7ZVF9|ACTB2_DANRE,actbb,"Actin, cytoplasmic 2 OS=Danio rerio OX=7955 GN=actbb PE=1 SV=2",19,41,K.AGFAGDDAPRAVFPSIVGRPRHQ.G,2420.264,80520000.0,no
Actin,actin,optic_tectum,Protein description contains `Actin`.,optic_tectum,matched,proteoform_ID_Teo2.xlsx,120,tr|A0A0R4IEZ2|A0A0R4IEZ2_DANRE,actc1a,Actin alpha cardiac muscle 1a OS=Danio rerio OX=7955 GN=actc1a PE=1 SV=1,62,113,K.RGILTLKYPIEHGIITNWDDMEKIWHHTFYNELRVAPEEHPVLLTEAPLNPK.A,6173.249,88830000.0,no
Actin,actin,optic_tectum,Protein description contains `Actin`.,optic_tectum,matched,proteoform_ID_Teo2.xlsx,140,sp|Q7ZVF9|ACTB2_DANRE,actbb,"Actin, cytoplasmic 2 OS=Danio rerio OX=7955 GN=actbb PE=1 SV=2",92,113,Y.NELRVAPEEHPVLLTEAPLNPK.A,2465.346,70575000.0,no
Actin,actin,optic_tectum,Protein description contains `Actin`.,optic_tectum,matched,proteoform_ID_Teo2.xlsx,145,tr|A0A0R4IEZ2|A0A0R4IEZ2_DANRE,actc1a,Actin alpha cardiac muscle 1a OS=Danio rerio OX=7955 GN=actc1a PE=1 SV=1,62,91,K.RGILTLKYPIE(H)[14.0283]GIITNWDDMEKIWHHTFY.N,3739.92,131400000.0,no
Actin,actin,optic_tectum,Protein description contains `Actin`.,optic_tectum,matched,proteoform_ID_Teo2.xlsx,157,sp|Q7ZVF9|ACTB2_DANRE,actbb,"Actin, cytoplasmic 2 OS=Danio rerio OX=7955 GN=actbb PE=1 SV=2",19,61,K.AGFAGDDAPRAVFPSIVGRPRHQGVMVGMGQKDSYVGDEAQSK.R,4487.218,193100000.0,no
Actin,actin,optic_tectum,Protein description contains `Actin`.,optic_tectum,matched,proteoform_ID_Teo2.xlsx,228,tr|E9QBP3|E9QBP3_DANRE,actb1,"Actin, beta 1 OS=Danio rerio OX=7955 GN=actb1 PE=1 SV=1",62,91,K.RGILTLKYPIE(H)[14.0234]GIVTNWDDMEKIWHHTFY.N,3725.909,68600000.0,no
Actin,actin,optic_tectum,Protein description contains `Actin`.,optic_tectum,matched,proteoform_ID_Teo2.xlsx,237,tr|Q6XNL8|Q6XNL8_DANRE,acta1b,Actin OS=Danio rerio OX=7955 GN=acta1b PE=1 SV=1,63,115,S.KRGIL(TLKYPIEH)[-114.0631]GIITNWDDMEKIWHHTFYNELRVAPEEHPTLLTEAPLNPK.A,6189.255,51800000.0,no
Actin,actin,optic_tectum,Protein description contains `Actin`.,optic_tectum,matched,proteoform_ID_Teo2.xlsx,331,sp|Q7ZVF9|ACTB2_DANRE,actbb,"Actin, cytoplasmic 2 OS=Danio rerio OX=7955 GN=actbb PE=1 SV=2",92,113,Y.NELRVAPEEH(PV)[14.9957]LLTEAPLNPK.A,2480.333,340650.0,no
Actin,actin,optic_tectum,Protein description contains `Actin`.,optic_tectum,matched,proteoform_ID_Teo2.xlsx,355,sp|Q7ZVF9|ACTB2_DANRE,actbb,"Actin, cytoplasmic 2 OS=Danio rerio OX=7955 GN=actbb PE=1 SV=2",92,115,Y.NELRVAPEEHPVLLTEAPLNPKAN.R,2650.428,2531000.0,no
Actin,actin,optic_tectum,Protein description contains `Actin`.,optic_tectum,matched,proteoform_ID_Teo2.xlsx,464,sp|Q7ZVF9|ACTB2_DANRE,actbb,"Actin, cytoplasmic 2 OS=Danio rerio OX=7955 GN=actbb PE=1 SV=2",21,45,G.FAGDDAPRAVFPSIVGRPRHQGVMV.G,2678.404,2944500.0,no
Actin,actin,optic_tectum,Protein description contains `Actin`.,optic_tectum,matched,proteoform_ID_Teo2.xlsx,472,tr|A0A0R4IEZ2|A0A0R4IEZ2_DANRE,actc1a,Actin alpha cardiac muscle 1a OS=Danio rerio OX=7955 GN=actc1a PE=1 SV=1,68,91,L.KYPIEHGIITNWDDMEKIWHHTFY.N,3072.484,4116500.0,no
Actin,actin,optic_tectum,Protein description contains `Actin`.,optic_tectum,matched,proteoform_ID_Teo2.xlsx,473,tr|A0A0R4IEZ2|A0A0R4IEZ2_DANRE,actc1a,Actin alpha cardiac muscle 1a OS=Danio rerio OX=7955 GN=actc1a PE=1 SV=1,68,91,L.KY(PIEH)[14.0299]GIITNWDDMEKIWHHTFY.N,3086.494,4327500.0,no
Actin,actin,optic_tectum,Protein description contains `Actin`.,optic_tectum,matched,proteoform_ID_Teo2.xlsx,481,sp|Q7ZVF9|ACTB2_DANRE,actbb,"Actin, cytoplasmic 2 OS=Danio rerio OX=7955 GN=actbb PE=1 SV=2",19,50,K.AGFAGDDAPRAVFPSIVGRPRHQGVMVGMGQK.D,3307.702,5300000.0,no
Actin,actin,optic_tectum,Protein description contains `Actin`.,optic_tectum,matched,proteoform_ID_Teo2.xlsx,485,tr|A0A0R4IEZ2|A0A0R4IEZ2_DANRE,actc1a,Actin alpha cardiac muscle 1a OS=Danio rerio OX=7955 GN=actc1a PE=1 SV=1,70,91,Y.PIEHGIITNWDDMEKIWHHTFY.N,2781.318,6225000.0,no
Actin,actin,optic_tectum,Protein description contains `Actin`.,optic_tectum,matched,proteoform_ID_Teo2.xlsx,525,tr|A0A0R4IEZ2|A0A0R4IEZ2_DANRE,actc1a,Actin alpha cardiac muscle 1a OS=Danio rerio OX=7955 GN=actc1a PE=1 SV=1,62,91,K.RGILTLKYPIEHGIITNWDDMEKIWHHTFY.N,3725.909,66900000.0,no
Troponin,troponin,optic_tectum,Protein description contains `Troponin`.,telencephalon,spillover,Proteoform_ID_Tel2.xlsx,268,tr|A0A1D5NSI6|A0A1D5NSI6_DANRE,tnnt3b,"Troponin T type 3b (skeletal, fast) OS=Danio rerio OX=7955 GN=tnnt3b PE=1 SV=1",169,227,R.RKPLNIDHMNEDKLREKAKELWDWLYSLEAEKFEHMEKLKRQKYEVTTQRKRVEELSKY.S,7461.929,7855000.0,no
Troponin,troponin,optic_tectum,Protein description contains `Troponin`.,optic_tectum,matched,proteoform_ID_Teo2.xlsx,3,tr|A0A1D5NS25|A0A1D5NS25_DANRE,tnnt3b,"Troponin T type 3b (skeletal, fast) (Fragment) OS=Danio rerio OX=7955 GN=tnnt3b PE=1 SV=1",47,84,K.KRQNKDLVELQALIDAHFEHRKKEEEELIALKDRIEKR.R,4667.587,20750900.0,no
Troponin,troponin,optic_tectum,Protein description contains `Troponin`.,optic_tectum,matched,proteoform_ID_Teo2.xlsx,20,tr|Q6DHP2|Q6DHP2_DANRE,tnni2b.2,"Troponin I type 2b (skeletal, fast), tandem duplicate 2 OS=Danio rerio OX=7955 GN=tnni2b.2 PE=1 SV=1",111,133,K.VRMSADSMLQALLGSKHKVSLDL.R,2498.355,5472000.0,no
Troponin,troponin,optic_tectum,Protein description contains `Troponin`.,optic_tectum,matched,proteoform_ID_Teo2.xlsx,31,tr|A0A1D5NS25|A0A1D5NS25_DANRE,tnnt3b,"Troponin T type 3b (skeletal, fast) (Fragment) OS=Danio rerio OX=7955 GN=tnnt3b PE=1 SV=1",94,128,R.IRAEKDKERQARREEERLRKEEADAKKRADEDAKK.K,4280.313,8423500.0,no
Troponin,troponin,optic_tectum,Protein description contains `Troponin`.,optic_tectum,matched,proteoform_ID_Teo2.xlsx,35,tr|E9QDI4|E9QDI4_DANRE,tnnt3b,"Troponin T type 3b (skeletal, fast) (Fragment) OS=Danio rerio OX=7955 GN=tnnt3b PE=1 SV=2",163,203,R.RKPLNIDHMNEDKLREKAKEL(W)[16.0071]DWLYSLEAEKFEHMEKLKR.Q,5211.707,11870000.0,no
Troponin,troponin,optic_tectum,Protein description contains `Troponin`.,optic_tectum,matched,proteoform_ID_Teo2.xlsx,38,tr|Q6DHP2|Q6DHP2_DANRE,tnni2b.2,"Troponin I type 2b (skeletal, fast), tandem duplicate 2 OS=Danio rerio OX=7955 GN=tnni2b.2 PE=1 SV=1",143,169,K.EVKEEDKEAVGDWRKNIEDKAGMGGRK.K,3073.547,11795000.0,no
Troponin,troponin,optic_tectum,Protein description contains `Troponin`.,optic_tectum,matched,proteoform_ID_Teo2.xlsx,50,tr|Q6DHP2|Q6DHP2_DANRE,tnni2b.2,"Troponin I type 2b (skeletal, fast), tandem duplicate 2 OS=Danio rerio OX=7955 GN=tnni2b.2 PE=1 SV=1",143,170,K.EVKEEDKEAVGDWRKNIEDKAGMGGRKK.M,3201.641,16540000.0,no
Troponin,troponin,optic_tectum,Protein description contains `Troponin`.,optic_tectum,matched,proteoform_ID_Teo2.xlsx,72,tr|Q6DHP2|Q6DHP2_DANRE,tnni2b.2,"Troponin I type 2b (skeletal, fast), tandem duplicate 2 OS=Danio rerio OX=7955 GN=tnni2b.2 PE=1 SV=1",82,110,K.VAKSDKEIEDLKIKVQDLIGKFKKPALKK.V,3309.001,26340000.0,no
Troponin,troponin,optic_tectum,Protein description contains `Troponin`.,optic_tectum,matched,proteoform_ID_Teo2.xlsx,78,tr|A0A1D5NS25|A0A1D5NS25_DANRE,tnnt3b,"Troponin T type 3b (skeletal, fast) (Fragment) OS=Danio rerio OX=7955 GN=tnnt3b PE=1 SV=1",86,129,R.SERAEQQRIRAEKDKERQARREEERLRKEEADAKKRADEDAKKK.S,5392.894,29740000.0,no
Troponin,troponin,optic_tectum,Protein description contains `Troponin`.,optic_tectum,matched,proteoform_ID_Teo2.xlsx,82,tr|A0A1D5NS25|A0A1D5NS25_DANRE,tnnt3b,"Troponin T type 3b (skeletal, fast) (Fragment) OS=Danio rerio OX=7955 GN=tnnt3b PE=1 SV=1",47,83,K.KRQNKDLVELQALIDAHFEHRKKEEEELIALKDRIEK.R,4511.491,30325000.0,no
Troponin,troponin,optic_tectum,Protein description contains `Troponin`.,optic_tectum,matched,proteoform_ID_Teo2.xlsx,89,tr|A0A1D5NSI6|A0A1D5NSI6_DANRE,tnnt3b,"Troponin T type 3b (skeletal, fast) OS=Danio rerio OX=7955 GN=tnnt3b PE=1 SV=1",169,218,R.RKPLNIDHMNEDKLREKAKELWDWLYSLEAEKFEHMEKLKRQKYEVTTQR.K,6329.297,46165000.0,no
Troponin,troponin,optic_tectum,Protein description contains `Troponin`.,optic_tectum,matched,proteoform_ID_Teo2.xlsx,96,tr|A0A1D5NS25|A0A1D5NS25_DANRE,tnnt3b,"Troponin T type 3b (skeletal, fast) (Fragment) OS=Danio rerio OX=7955 GN=tnnt3b PE=1 SV=1",169,209,R.RKPLNIDHMNEDKLREKAKELWDWLYSLEAEKFEHMEKLKR.Q,5195.716,42960000.0,no
Troponin,troponin,optic_tectum,Protein description contains `Troponin`.,optic_tectum,matched,proteoform_ID_Teo2.xlsx,104,tr|A0A1D5NS25|A0A1D5NS25_DANRE,tnnt3b,"Troponin T type 3b (skeletal, fast) (Fragment) OS=Danio rerio OX=7955 GN=tnnt3b PE=1 SV=1",48,83,K.RQNKDLVELQALIDAHFEHRKKEEEELIALKDRIEK.R,4383.396,50800000.0,no
Troponin,troponin,optic_tectum,Protein description contains `Troponin`.,optic_tectum,matched,proteoform_ID_Teo2.xlsx,130,tr|A0A1D5NS25|A0A1D5NS25_DANRE,tnnt3b,"Troponin T type 3b (skeletal, fast) (Fragment) OS=Danio rerio OX=7955 GN=tnnt3b PE=1 SV=1",48,84,K.RQNKDLVELQALIDAHFEHRKKEEEELIALKDRIEKR.R,4539.498,97395000.0,no
Troponin,troponin,optic_tectum,Protein description contains `Troponin`.,optic_tectum,matched,proteoform_ID_Teo2.xlsx,139,tr|A0A1D5NS25|A0A1D5NS25_DANRE,tnnt3b,"Troponin T type 3b (skeletal, fast) (Fragment) OS=Danio rerio OX=7955 GN=tnnt3b PE=1 SV=1",94,129,R.IRAEKDKERQARREEERLRKEEADAKKRADEDAKKK.S,4408.42,128750000.0,no
Troponin,troponin,optic_tectum,Protein description contains `Troponin`.,optic_tectum,matched,proteoform_ID_Teo2.xlsx,151,tr|A0A1D5NS25|A0A1D5NS25_DANRE,tnnt3b,"Troponin T type 3b (skeletal, fast) (Fragment) OS=Danio rerio OX=7955 GN=tnnt3b PE=1 SV=1",85,129,R.RSERAEQQRIRAEKDKERQARREEERLRKEEADAKKRADEDAKKK.S,5549.004,150600000.0,no
Troponin,troponin,optic_tectum,Protein description contains `Troponin`.,optic_tectum,matched,proteoform_ID_Teo2.xlsx,183,tr|A0A1D5NS25|A0A1D5NS25_DANRE,tnnt3b,"Troponin T type 3b (skeletal, fast) (Fragment) OS=Danio rerio OX=7955 GN=tnnt3b PE=1 SV=1",103,129,R.QARREEERLRKEEADAKKRADEDAKKK.S,3282.775,3417000.0,no
Troponin,troponin,optic_tectum,Protein description contains `Troponin`.,optic_tectum,matched,proteoform_ID_Teo2.xlsx,184,tr|A0A1D5NS25|A0A1D5NS25_DANRE,tnnt3b,"Troponin T type 3b (skeletal, fast) (Fragment) OS=Danio rerio OX=7955 GN=tnnt3b PE=1 SV=1",99,129,K.DKERQARREEERLRKEEADAKKRADEDAKKK.S,3811.043,1950000.0,no
Troponin,troponin,optic_tectum,Protein description contains `Troponin`.,optic_tectum,matched,proteoform_ID_Teo2.xlsx,187,tr|A0A1D5NSK1|A0A1D5NSK1_DANRE,tnnt3b,"Troponin T type 3b (skeletal, fast) (Fragment) OS=Danio rerio OX=7955 GN=tnnt3b PE=1 SV=1",99,133,K.KRQNKDLVELQALIDAHFEHRKKEEEELI(ALKDRI)[413.2533].,4667.587,32985000.0,no
Troponin,troponin,optic_tectum,Protein description contains `Troponin`.,optic_tectum,matched,proteoform_ID_Teo2.xlsx,188,tr|Q6DHP2|Q6DHP2_DANRE,tnni2b.2,"Troponin I type 2b (skeletal, fast), tandem duplicate 2 OS=Danio rerio OX=7955 GN=tnni2b.2 PE=1 SV=1",138,170,L.KQVKKEVKEEDKEAVGDWRKNIEDKAGMGGRKK.M,3812.049,148500.0,no
Troponin,troponin,optic_tectum,Protein description contains `Troponin`.,optic_tectum,matched,proteoform_ID_Teo2.xlsx,189,tr|Q6DHP2|Q6DHP2_DANRE,tnni2b.2,"Troponin I type 2b (skeletal, fast), tandem duplicate 2 OS=Danio rerio OX=7955 GN=tnni2b.2 PE=1 SV=1",84,110,A.KSDKEIEDLKIKVQDLIGKFKKPALKK.V,3137.89,1132000.0,no
Troponin,troponin,optic_tectum,Protein description contains `Troponin`.,optic_tectum,matched,proteoform_ID_Teo2.xlsx,190,tr|A0A1D5NS25|A0A1D5NS25_DANRE,tnnt3b,"Troponin T type 3b (skeletal, fast) (Fragment) OS=Danio rerio OX=7955 GN=tnnt3b PE=1 SV=1",94,139,R.IRAEKDKERQARREEERLRKEEADAKKRADEDAKKKSALSNMGSQY.S,5446.85,4227000.0,no
Troponin,troponin,optic_tectum,Protein description contains `Troponin`.,optic_tectum,matched,proteoform_ID_Teo2.xlsx,196,tr|A0A1D5NS25|A0A1D5NS25_DANRE,tnnt3b,"Troponin T type 3b (skeletal, fast) (Fragment) OS=Danio rerio OX=7955 GN=tnnt3b PE=1 SV=1",26,84,K.FKPSAPKIPDGDKVDFDDIQKKRQNKDLVELQALIDAHFEHRKKEEEELIALKDRIEKR.R,7008.802,39205000.0,no
Troponin,troponin,optic_tectum,Protein description contains `Troponin`.,optic_tectum,matched,proteoform_ID_Teo2.xlsx,204,tr|A0A1D5NS25|A0A1D5NS25_DANRE,tnnt3b,"Troponin T type 3b (skeletal, fast) (Fragment) OS=Danio rerio OX=7955 GN=tnnt3b PE=1 SV=1",48,78,K.RQNKDLVELQALIDAHFEHRKKEEEELIALK.D,3742.043,12730000.0,no
Troponin,troponin,optic_tectum,Protein description contains `Troponin`.,optic_tectum,matched,proteoform_ID_Teo2.xlsx,212,tr|Q6DHP2|Q6DHP2_DANRE,tnni2b.2,"Troponin I type 2b (skeletal, fast), tandem duplicate 2 OS=Danio rerio OX=7955 GN=tnni2b.2 PE=1 SV=1",142,162,K.KEVKEEDKEAVGDWRKNIEDK.A,2544.301,2417500.0,no
Troponin,troponin,optic_tectum,Protein description contains `Troponin`.,optic_tectum,matched,proteoform_ID_Teo2.xlsx,225,tr|Q6DHP2|Q6DHP2_DANRE,tnni2b.2,"Troponin I type 2b (skeletal, fast), tandem duplicate 2 OS=Danio rerio OX=7955 GN=tnni2b.2 PE=1 SV=1",143,162,K.EVKEEDKEAVGDWRKNIEDK.A,2416.204,21060000.0,no
Troponin,troponin,optic_tectum,Protein description contains `Troponin`.,optic_tectum,matched,proteoform_ID_Teo2.xlsx,306,tr|E9QDI4|E9QDI4_DANRE,tnnt3b,"Troponin T type 3b (skeletal, fast) (Fragment) OS=Danio rerio OX=7955 GN=tnnt3b PE=1 SV=2",2,41,M.(S)[Acetyl]DTEDVGVEEYDEEEKPKFKPSAPKIPDGDKVDFDDIQKK.R,4608.216,104900000.0,yes
Troponin,troponin,optic_tectum,Protein description contains `Troponin`.,optic_tectum,matched,proteoform_ID_Teo2.xlsx,344,tr|E9QDI4|E9QDI4_DANRE,tnnt3b,"Troponin T type 3b (skeletal, fast) (Fragment) OS=Danio rerio OX=7955 GN=tnnt3b PE=1 SV=2",2,40,M.(S)[Acetyl]DTEDVGVEEYDEEEKPKFKPSAPKIPDGDKVDFDDIQK.K,4480.13,36285000.0,yes
Troponin,troponin,optic_tectum,Protein description contains `Troponin`.,optic_tectum,matched,proteoform_ID_Teo2.xlsx,392,tr|E9QDI4|E9QDI4_DANRE,tnnt3b,"Troponin T type 3b (skeletal, fast) (Fragment) OS=Danio rerio OX=7955 GN=tnnt3b PE=1 SV=2",2,29,M.(S)[Acetyl]DTEDVGVEEYDEEEKPKFKPSAPKIPD.G,3218.524,324500.0,yes
Troponin,troponin,optic_tectum,Protein description contains `Troponin`.,optic_tectum,matched,proteoform_ID_Teo2.xlsx,449,tr|Q6DHP2|Q6DHP2_DANRE,tnni2b.2,"Troponin I type 2b (skeletal, fast), tandem duplicate 2 OS=Danio rerio OX=7955 GN=tnni2b.2 PE=1 SV=1",82,108,K.VAKSDKEIEDLKIKVQDLIGKFKKPAL.K,3052.811,1834000.0,no
Troponin,troponin,optic_tectum,Protein description contains `Troponin`.,optic_tectum,matched,proteoform_ID_Teo2.xlsx,474,tr|Q6DHP2|Q6DHP2_DANRE,tnni2b.2,"Troponin I type 2b (skeletal, fast), tandem duplicate 2 OS=Danio rerio OX=7955 GN=tnni2b.2 PE=1 SV=1",85,110,K.SDKEIEDLKIKVQDLIGKFKKPALKK.V,3010.8,4543000.0,no
Troponin,troponin,optic_tectum,Protein description contains `Troponin`.,optic_tectum,matched,proteoform_ID_Teo2.xlsx,504,tr|A0A1D5NS25|A0A1D5NS25_DANRE,tnnt3b,"Troponin T type 3b (skeletal, fast) (Fragment) OS=Danio rerio OX=7955 GN=tnnt3b PE=1 SV=1",169,208,R.RKPLNIDHMNEDKLREKAKELWDWLYSLEAEKFEHMEKLK.R,5039.614,20695000.0,no
