panel,region,source_table,source_row,protein_accession,gene,protein_description,proteoform,avg_intensity
skeletal_cardiac_muscle,telencephalon,Proteoform_ID_Tel2.xlsx,267,tr|Q6P0T7|Q6P0T7_DANRE,tnnt3b,Tnnt3b protein OS=Danio rerio OX=7955 GN=tnnt3b PE=1 SV=1,M.(S)[Acetyl]DTEDVGVEEEKPKFKPSAPKIPDGDKVDFDDIQKKRQNKDLVELQALIDAHFEHRKKEEEELIALKDRIEKR.R,7085000.0
skeletal_cardiac_muscle,telencephalon,Proteoform_ID_Tel2.xlsx,268,tr|A0A1D5NSI6|A0A1D5NSI6_DANRE,tnnt3b,"Troponin T type 3b (skeletal, fast) OS=Danio rerio OX=7955 GN=tnnt3b PE=1 SV=1",R.RKPLNIDHMNEDKLREKAKELWDWLYSLEAEKFEHMEKLKRQKYEVTTQRKRVEELSKY.S,7855000.0
skeletal_cardiac_muscle,optic_tectum,proteoform_ID_Teo2.xlsx,3,tr|A0A1D5NS25|A0A1D5NS25_DANRE,tnnt3b,"Troponin T type 3b (skeletal, fast) (Fragment) OS=Danio rerio OX=7955 GN=tnnt3b PE=1 SV=1",K.KRQNKDLVELQALIDAHFEHRKKEEEELIALKDRIEKR.R,20750900.0
skeletal_cardiac_muscle,optic_tectum,proteoform_ID_Teo2.xlsx,20,tr|Q6DHP2|Q6DHP2_DANRE,tnni2b.2,"Troponin I type 2b (skeletal, fast), tandem duplicate 2 OS=Danio rerio OX=7955 GN=tnni2b.2 PE=1 SV=1",K.VRMSADSMLQALLGSKHKVSLDL.R,5472000.0
skeletal_cardiac_muscle,optic_tectum,proteoform_ID_Teo2.xlsx,28,tr|A2BGX6|A2BGX6_DANRE,myhc4,Myosin heavy chain 4 OS=Danio rerio OX=7955 GN=myhc4 PE=1 SV=1,K.LRKVQHELEEAEERADISESQVNKLR.A,11780000.0
skeletal_cardiac_muscle,optic_tectum,proteoform_ID_Teo2.xlsx,31,tr|A0A1D5NS25|A0A1D5NS25_DANRE,tnnt3b,"Troponin T type 3b (skeletal, fast) (Fragment) OS=Danio rerio OX=7955 GN=tnnt3b PE=1 SV=1",R.IRAEKDKERQARREEERLRKEEADAKKRADEDAKK.K,8423500.0
skeletal_cardiac_muscle,optic_tectum,proteoform_ID_Teo2.xlsx,35,tr|E9QDI4|E9QDI4_DANRE,tnnt3b,"Troponin T type 3b (skeletal, fast) (Fragment) OS=Danio rerio OX=7955 GN=tnnt3b PE=1 SV=2",R.RKPLNIDHMNEDKLREKAKEL(W)[16.0071]DWLYSLEAEKFEHMEKLKR.Q,11870000.0
skeletal_cardiac_muscle,optic_tectum,proteoform_ID_Teo2.xlsx,38,tr|Q6DHP2|Q6DHP2_DANRE,tnni2b.2,"Troponin I type 2b (skeletal, fast), tandem duplicate 2 OS=Danio rerio OX=7955 GN=tnni2b.2 PE=1 SV=1",K.EVKEEDKEAVGDWRKNIEDKAGMGGRK.K,11795000.0
skeletal_cardiac_muscle,optic_tectum,proteoform_ID_Teo2.xlsx,39,tr|A0A2R8Q2N5|A0A2R8Q2N5_DANRE,myhz1.2,"Myosin, heavy polypeptide 1.2, skeletal muscle OS=Danio rerio OX=7955 GN=myhz1.2 PE=3 SV=1",K.MKNSYEETLDQLETLKRENK.N,12285000.0
skeletal_cardiac_muscle,optic_tectum,proteoform_ID_Teo2.xlsx,41,tr|A2BGX6|A2BGX6_DANRE,myhc4,Myosin heavy chain 4 OS=Danio rerio OX=7955 GN=myhc4 PE=1 SV=1,K.LRKVQHELEEAEERADISESQVNKL.R,13020000.0
skeletal_cardiac_muscle,optic_tectum,proteoform_ID_Teo2.xlsx,48,tr|A2BGX6|A2BGX6_DANRE,myhc4,Myosin heavy chain 4 OS=Danio rerio OX=7955 GN=myhc4 PE=1 SV=1,K.LRKVQHELEEAEERADISESQVNKLRA.K,15230000.0
skeletal_cardiac_muscle,optic_tectum,proteoform_ID_Teo2.xlsx,50,tr|Q6DHP2|Q6DHP2_DANRE,tnni2b.2,"Troponin I type 2b (skeletal, fast), tandem duplicate 2 OS=Danio rerio OX=7955 GN=tnni2b.2 PE=1 SV=1",K.EVKEEDKEAVGDWRKNIEDKAGMGGRKK.M,16540000.0
skeletal_cardiac_muscle,optic_tectum,proteoform_ID_Teo2.xlsx,58,tr|Q7ZUB0|Q7ZUB0_DANRE,myl13,Atrial myosin light chain OS=Danio rerio OX=7955 GN=myl13 PE=1 SV=1,M.(APKKKEE)[42.0552]PKPAAAPKPPEPEPPKEPEFNAA.E,19115000.0
skeletal_cardiac_muscle,optic_tectum,proteoform_ID_Teo2.xlsx,72,tr|Q6DHP2|Q6DHP2_DANRE,tnni2b.2,"Troponin I type 2b (skeletal, fast), tandem duplicate 2 OS=Danio rerio OX=7955 GN=tnni2b.2 PE=1 SV=1",K.VAKSDKEIEDLKIKVQDLIGKFKKPALKK.V,26340000.0
skeletal_cardiac_muscle,optic_tectum,proteoform_ID_Teo2.xlsx,78,tr|A0A1D5NS25|A0A1D5NS25_DANRE,tnnt3b,"Troponin T type 3b (skeletal, fast) (Fragment) OS=Danio rerio OX=7955 GN=tnnt3b PE=1 SV=1",R.SERAEQQRIRAEKDKERQARREEERLRKEEADAKKRADEDAKKK.S,29740000.0
skeletal_cardiac_muscle,optic_tectum,proteoform_ID_Teo2.xlsx,82,tr|A0A1D5NS25|A0A1D5NS25_DANRE,tnnt3b,"Troponin T type 3b (skeletal, fast) (Fragment) OS=Danio rerio OX=7955 GN=tnnt3b PE=1 SV=1",K.KRQNKDLVELQALIDAHFEHRKKEEEELIALKDRIEK.R,30325000.0
skeletal_cardiac_muscle,optic_tectum,proteoform_ID_Teo2.xlsx,89,tr|A0A1D5NSI6|A0A1D5NSI6_DANRE,tnnt3b,"Troponin T type 3b (skeletal, fast) OS=Danio rerio OX=7955 GN=tnnt3b PE=1 SV=1",R.RKPLNIDHMNEDKLREKAKELWDWLYSLEAEKFEHMEKLKRQKYEVTTQR.K,46165000.0
skeletal_cardiac_muscle,optic_tectum,proteoform_ID_Teo2.xlsx,96,tr|A0A1D5NS25|A0A1D5NS25_DANRE,tnnt3b,"Troponin T type 3b (skeletal, fast) (Fragment) OS=Danio rerio OX=7955 GN=tnnt3b PE=1 SV=1",R.RKPLNIDHMNEDKLREKAKELWDWLYSLEAEKFEHMEKLKR.Q,42960000.0
skeletal_cardiac_muscle,optic_tectum,proteoform_ID_Teo2.xlsx,104,tr|A0A1D5NS25|A0A1D5NS25_DANRE,tnnt3b,"Troponin T type 3b (skeletal, fast) (Fragment) OS=Danio rerio OX=7955 GN=tnnt3b PE=1 SV=1",K.RQNKDLVELQALIDAHFEHRKKEEEELIALKDRIEK.R,50800000.0
skeletal_cardiac_muscle,optic_tectum,proteoform_ID_Teo2.xlsx,111,tr|A2BGX6|A2BGX6_DANRE,myhc4,Myosin heavy chain 4 OS=Danio rerio OX=7955 GN=myhc4 PE=1 SV=1,K.LRKVQHELEEAEERADISESQVNKLRAK.S,57915000.0
skeletal_cardiac_muscle,optic_tectum,proteoform_ID_Teo2.xlsx,112,tr|A2BGX6|A2BGX6_DANRE,myhc4,Myosin heavy chain 4 OS=Danio rerio OX=7955 GN=myhc4 PE=1 SV=1,K.LRKVQHELEEAEERADISESQVNK.L,60865000.0
skeletal_cardiac_muscle,optic_tectum,proteoform_ID_Teo2.xlsx,120,tr|A0A0R4IEZ2|A0A0R4IEZ2_DANRE,actc1a,Actin alpha cardiac muscle 1a OS=Danio rerio OX=7955 GN=actc1a PE=1 SV=1,K.RGILTLKYPIEHGIITNWDDMEKIWHHTFYNELRVAPEEHPVLLTEAPLNPK.A,88830000.0
skeletal_cardiac_muscle,optic_tectum,proteoform_ID_Teo2.xlsx,130,tr|A0A1D5NS25|A0A1D5NS25_DANRE,tnnt3b,"Troponin T type 3b (skeletal, fast) (Fragment) OS=Danio rerio OX=7955 GN=tnnt3b PE=1 SV=1",K.RQNKDLVELQALIDAHFEHRKKEEEELIALKDRIEKR.R,97395000.0
skeletal_cardiac_muscle,optic_tectum,proteoform_ID_Teo2.xlsx,131,tr|Q9I8U7|Q9I8U7_DANRE,mylz3,Fast skeletal muscle myosin light polypeptide 3 OS=Danio rerio OX=7955 GN=mylz3 PE=1 SV=1,K.TVDANQKGTYDDYVEGLRVFDKEGNGTVMGAELRIVLSTLGEKMSEPEIDALMQGQEDENGMVHYEAFVKNIMSV.,126900000.0
skeletal_cardiac_muscle,optic_tectum,proteoform_ID_Teo2.xlsx,132,tr|Q9I8U7|Q9I8U7_DANRE,mylz3,Fast skeletal muscle myosin light polypeptide 3 OS=Danio rerio OX=7955 GN=mylz3 PE=1 SV=1,M.(A)[Acetyl]GEFTADQIEDFKEAFGLFDRVGDSKVAYNQVAD(IMRAL)[16.0078]GQNPTNK.D,60089500.0
skeletal_cardiac_muscle,optic_tectum,proteoform_ID_Teo2.xlsx,133,tr|A0A2R8QTL0|A0A2R8QTL0_DANRE,mylpfa,"Myosin light chain, phosphorylatable, fast skeletal muscle a OS=Danio rerio OX=7955 GN=mylpfa PE=1 SV=1",K.RRAAGGEGSSNVFSMFEQSQIQEYK.E,111550000.0
skeletal_cardiac_muscle,optic_tectum,proteoform_ID_Teo2.xlsx,139,tr|A0A1D5NS25|A0A1D5NS25_DANRE,tnnt3b,"Troponin T type 3b (skeletal, fast) (Fragment) OS=Danio rerio OX=7955 GN=tnnt3b PE=1 SV=1",R.IRAEKDKERQARREEERLRKEEADAKKRADEDAKKK.S,128750000.0
skeletal_cardiac_muscle,optic_tectum,proteoform_ID_Teo2.xlsx,144,tr|Q6P0T7|Q6P0T7_DANRE,tnnt3b,Tnnt3b protein OS=Danio rerio OX=7955 GN=tnnt3b PE=1 SV=1,M.(S)[Acetyl]DTEDVGVEEEKPKFKPSAPKIPDGDKVDFDDIQK.K,71266500.0
skeletal_cardiac_muscle,optic_tectum,proteoform_ID_Teo2.xlsx,145,tr|A0A0R4IEZ2|A0A0R4IEZ2_DANRE,actc1a,Actin alpha cardiac muscle 1a OS=Danio rerio OX=7955 GN=actc1a PE=1 SV=1,K.RGILTLKYPIE(H)[14.0283]GIITNWDDMEKIWHHTFY.N,131400000.0
skeletal_cardiac_muscle,optic_tectum,proteoform_ID_Teo2.xlsx,146,tr|Q9I8U7|Q9I8U7_DANRE,mylz3,Fast skeletal muscle myosin light polypeptide 3 OS=Danio rerio OX=7955 GN=mylz3 PE=1 SV=1,M.(A)[Acetyl]GEFTADQIEDFKEAFGLFDRVGDSKVAYNQVADIMRALGQNPTNK.D,88060000.0
skeletal_cardiac_muscle,optic_tectum,proteoform_ID_Teo2.xlsx,151,tr|A0A1D5NS25|A0A1D5NS25_DANRE,tnnt3b,"Troponin T type 3b (skeletal, fast) (Fragment) OS=Danio rerio OX=7955 GN=tnnt3b PE=1 SV=1",R.RSERAEQQRIRAEKDKERQARREEERLRKEEADAKKRADEDAKKK.S,150600000.0
skeletal_cardiac_muscle,optic_tectum,proteoform_ID_Teo2.xlsx,183,tr|A0A1D5NS25|A0A1D5NS25_DANRE,tnnt3b,"Troponin T type 3b (skeletal, fast) (Fragment) OS=Danio rerio OX=7955 GN=tnnt3b PE=1 SV=1",R.QARREEERLRKEEADAKKRADEDAKKK.S,3417000.0
skeletal_cardiac_muscle,optic_tectum,proteoform_ID_Teo2.xlsx,184,tr|A0A1D5NS25|A0A1D5NS25_DANRE,tnnt3b,"Troponin T type 3b (skeletal, fast) (Fragment) OS=Danio rerio OX=7955 GN=tnnt3b PE=1 SV=1",K.DKERQARREEERLRKEEADAKKRADEDAKKK.S,1950000.0
skeletal_cardiac_muscle,optic_tectum,proteoform_ID_Teo2.xlsx,187,tr|A0A1D5NSK1|A0A1D5NSK1_DANRE,tnnt3b,"Troponin T type 3b (skeletal, fast) (Fragment) OS=Danio rerio OX=7955 GN=tnnt3b PE=1 SV=1",K.KRQNKDLVELQALIDAHFEHRKKEEEELI(ALKDRI)[413.2533].,32985000.0
skeletal_cardiac_muscle,optic_tectum,proteoform_ID_Teo2.xlsx,188,tr|Q6DHP2|Q6DHP2_DANRE,tnni2b.2,"Troponin I type 2b (skeletal, fast), tandem duplicate 2 OS=Danio rerio OX=7955 GN=tnni2b.2 PE=1 SV=1",L.KQVKKEVKEEDKEAVGDWRKNIEDKAGMGGRKK.M,148500.0
skeletal_cardiac_muscle,optic_tectum,proteoform_ID_Teo2.xlsx,189,tr|Q6DHP2|Q6DHP2_DANRE,tnni2b.2,"Troponin I type 2b (skeletal, fast), tandem duplicate 2 OS=Danio rerio OX=7955 GN=tnni2b.2 PE=1 SV=1",A.KSDKEIEDLKIKVQDLIGKFKKPALKK.V,1132000.0
skeletal_cardiac_muscle,optic_tectum,proteoform_ID_Teo2.xlsx,190,tr|A0A1D5NS25|A0A1D5NS25_DANRE,tnnt3b,"Troponin T type 3b (skeletal, fast) (Fragment) OS=Danio rerio OX=7955 GN=tnnt3b PE=1 SV=1",R.IRAEKDKERQARREEERLRKEEADAKKRADEDAKKKSALSNMGSQY.S,4227000.0
skeletal_cardiac_muscle,optic_tectum,proteoform_ID_Teo2.xlsx,196,tr|A0A1D5NS25|A0A1D5NS25_DANRE,tnnt3b,"Troponin T type 3b (skeletal, fast) (Fragment) OS=Danio rerio OX=7955 GN=tnnt3b PE=1 SV=1",K.FKPSAPKIPDGDKVDFDDIQKKRQNKDLVELQALIDAHFEHRKKEEEELIALKDRIEKR.R,39205000.0
skeletal_cardiac_muscle,optic_tectum,proteoform_ID_Teo2.xlsx,204,tr|A0A1D5NS25|A0A1D5NS25_DANRE,tnnt3b,"Troponin T type 3b (skeletal, fast) (Fragment) OS=Danio rerio OX=7955 GN=tnnt3b PE=1 SV=1",K.RQNKDLVELQALIDAHFEHRKKEEEELIALK.D,12730000.0
skeletal_cardiac_muscle,optic_tectum,proteoform_ID_Teo2.xlsx,208,tr|A0A2R8Q2N5|A0A2R8Q2N5_DANRE,myhz1.2,"Myosin, heavy polypeptide 1.2, skeletal muscle OS=Danio rerio OX=7955 GN=myhz1.2 PE=3 SV=1",R.VRELESEVEAEQRRGADAVKGVRKYER.R,9785000.0
skeletal_cardiac_muscle,optic_tectum,proteoform_ID_Teo2.xlsx,212,tr|Q6DHP2|Q6DHP2_DANRE,tnni2b.2,"Troponin I type 2b (skeletal, fast), tandem duplicate 2 OS=Danio rerio OX=7955 GN=tnni2b.2 PE=1 SV=1",K.KEVKEEDKEAVGDWRKNIEDK.A,2417500.0
skeletal_cardiac_muscle,optic_tectum,proteoform_ID_Teo2.xlsx,219,tr|E7FAD0|E7FAD0_DANRE,myhz1.1,"Myosin, heavy polypeptide 1.1, skeletal muscle OS=Danio rerio OX=7955 GN=myhz1.1 PE=1 SV=3",R.KVQHEMEEAQERADIAESQVNKLRAK.S,1565500.0
skeletal_cardiac_muscle,optic_tectum,proteoform_ID_Teo2.xlsx,223,tr|A0A2R8QTL0|A0A2R8QTL0_DANRE,mylpfa,"Myosin light chain, phosphorylatable, fast skeletal muscle a OS=Danio rerio OX=7955 GN=mylpfa PE=1 SV=1",K.RRAAGGEGSSNVFSMFEQSQIQEYKEAFTIIDQNRDGIISKDDLRDVLASMGQLNVKNEELEAMIKEASGPINFTVFLTMFGEKLKGADPEDVIVSAFKVLD(PEGTGSIKKEFLEELLTTQCDRFTAEEMKNLWAAFPPDVAGNVDYKNICYVITHGEEKEE)[-1.9787].,22490000.0
skeletal_cardiac_muscle,optic_tectum,proteoform_ID_Teo2.xlsx,225,tr|Q6DHP2|Q6DHP2_DANRE,tnni2b.2,"Troponin I type 2b (skeletal, fast), tandem duplicate 2 OS=Danio rerio OX=7955 GN=tnni2b.2 PE=1 SV=1",K.EVKEEDKEAVGDWRKNIEDK.A,21060000.0
skeletal_cardiac_muscle,optic_tectum,proteoform_ID_Teo2.xlsx,230,tr|A0A2R8QTL0|A0A2R8QTL0_DANRE,mylpfa,"Myosin light chain, phosphorylatable, fast skeletal muscle a OS=Danio rerio OX=7955 GN=mylpfa PE=1 SV=1",K.EAFTIIDQNRDGIISKDDLRDVLASMGQLNVKNEELEAMIKEASGPINFTVFLTMFGEKLKGADPEDVIVSAFKVLDPEGTGSIKKEF(LEELLTTQCDRFTAEEMKNLWAAFPPDVAGNVDYKNICYVITHGEEKEE)[-131.0575].,26125000.0
skeletal_cardiac_muscle,optic_tectum,proteoform_ID_Teo2.xlsx,234,tr|A0A2R8QTL0|A0A2R8QTL0_DANRE,mylpfa,"Myosin light chain, phosphorylatable, fast skeletal muscle a OS=Danio rerio OX=7955 GN=mylpfa PE=1 SV=1",K.EAFTIIDQNRDGIISKDDLRDVLASMGQLNVKNEELEAMIKEASGPINFTVFLTMFGEKLKGADPEDVIVSAFKVLDPE(GTGSIKKEFLEELLTTQCDRFTAEEMKNLWAAFPPDVAGNVDYKNICYVITHGEEKEE)[-2.9892].,118400000.0
skeletal_cardiac_muscle,optic_tectum,proteoform_ID_Teo2.xlsx,236,tr|A0A2R8QTL0|A0A2R8QTL0_DANRE,mylpfa,"Myosin light chain, phosphorylatable, fast skeletal muscle a OS=Danio rerio OX=7955 GN=mylpfa PE=1 SV=1",F.KVLDPEGTGSIKKEFLEELL(TTQCDRFTAEEMKNLWAAFPPDVAGNVDYKNICYVI)[-1.9889]THGEEKEE.,4925000.0
skeletal_cardiac_muscle,optic_tectum,proteoform_ID_Teo2.xlsx,254,tr|A0A2R8QTL0|A0A2R8QTL0_DANRE,mylpfa,"Myosin light chain, phosphorylatable, fast skeletal muscle a OS=Danio rerio OX=7955 GN=mylpfa PE=1 SV=1",K.VLDPEGTGSIKKEFLEELLTTQCDRFTAEEMKNLWAAFPPDVAGNVDYKN(ICYVITHGEE)[-131.0417]KEE.,57450000.0
skeletal_cardiac_muscle,optic_tectum,proteoform_ID_Teo2.xlsx,257,tr|A0A2R8QTL0|A0A2R8QTL0_DANRE,mylpfa,"Myosin light chain, phosphorylatable, fast skeletal muscle a OS=Danio rerio OX=7955 GN=mylpfa PE=1 SV=1",K.VLDPEGTGSIKKEFLEELL(TTQCDRFTAEEMKNLWAAFPPDVAGNVDYKNICY)[-2.0021]VITHGEEKEE.,176000000.0
skeletal_cardiac_muscle,optic_tectum,proteoform_ID_Teo2.xlsx,262,tr|Q9I8U7|Q9I8U7_DANRE,mylz3,Fast skeletal muscle myosin light polypeptide 3 OS=Danio rerio OX=7955 GN=mylz3 PE=1 SV=1,M.(A)[Acetyl]GEFTADQIEDFKEAFGLFDRVGDSKVAYNQVADIMRALGQNPTNKDVKKILGDPSADDMANKRIDFEAFLPMLKTVDANQKGTYDDYVEGLRVFDKEGNGTVMGAELRIVLSTLGEKMSEPEIDALMQGQEDENGMVHYEAFVKNIMSV.,208600000.0
skeletal_cardiac_muscle,optic_tectum,proteoform_ID_Teo2.xlsx,263,tr|A2BGX6|A2BGX6_DANRE,myhc4,Myosin heavy chain 4 OS=Danio rerio OX=7955 GN=myhc4 PE=1 SV=1,R.KVQHELEEAEERADISESQVNK.L,4691000.0
skeletal_cardiac_muscle,optic_tectum,proteoform_ID_Teo2.xlsx,271,tr|Q9I8U7|Q9I8U7_DANRE,mylz3,Fast skeletal muscle myosin light polypeptide 3 OS=Danio rerio OX=7955 GN=mylz3 PE=1 SV=1,K.DVKKILGDPSADDMANKRIDFEAFLPMLKTVDANQKGTYDDYVEGLRVFDKEGNGTVMGAELRIVLSTLGEKMSEPEIDALMQGQEDENGMVHYEAFVKNIMSV.,26755000.0
skeletal_cardiac_muscle,optic_tectum,proteoform_ID_Teo2.xlsx,273,tr|Q6P0T7|Q6P0T7_DANRE,tnnt3b,Tnnt3b protein OS=Danio rerio OX=7955 GN=tnnt3b PE=1 SV=1,M.(S)[Acetyl]DTEDVGVEEEKPKFKPSAPKIPDGDKVDFDDIQKK.R,79600000.0
skeletal_cardiac_muscle,optic_tectum,proteoform_ID_Teo2.xlsx,275,tr|Q9I8U7|Q9I8U7_DANRE,mylz3,Fast skeletal muscle myosin light polypeptide 3 OS=Danio rerio OX=7955 GN=mylz3 PE=1 SV=1,M.(A)[Acetyl]GEFTADQIEDFKEAFGLFDRVGDSKVAYNQVADIMRALGQNPTNKDVKKILGDPSADDMANKRIDFEAFLPMLK.T,804000000.0
skeletal_cardiac_muscle,optic_tectum,proteoform_ID_Teo2.xlsx,276,tr|Q9I8U7|Q9I8U7_DANRE,mylz3,Fast skeletal muscle myosin light polypeptide 3 OS=Danio rerio OX=7955 GN=mylz3 PE=1 SV=1,M.(A)[58.1066]GEFTADQIEDFKEAFGLFDRVGDSKVAYNQVADIMRALGQNPTNKDVKKILGDPSADDMANKRIDFEAFLPMLK.T,181700000.0
skeletal_cardiac_muscle,optic_tectum,proteoform_ID_Teo2.xlsx,278,tr|A0A2R8QTL0|A0A2R8QTL0_DANRE,mylpfa,"Myosin light chain, phosphorylatable, fast skeletal muscle a OS=Danio rerio OX=7955 GN=mylpfa PE=1 SV=1",K.EAFTIIDQNRDGIISKDDLRDVLASMGQLNVKNEELEAMIKEASGPINFTVFLTMFGEKLKGADPEDVIVSAFK.V,121400000.0
skeletal_cardiac_muscle,optic_tectum,proteoform_ID_Teo2.xlsx,280,tr|Q9I8U7|Q9I8U7_DANRE,mylz3,Fast skeletal muscle myosin light polypeptide 3 OS=Danio rerio OX=7955 GN=mylz3 PE=1 SV=1,K.DVKKILGDPSADDMANKRIDFEAF(L)[388.2261]P.M,20770000.0
skeletal_cardiac_muscle,optic_tectum,proteoform_ID_Teo2.xlsx,282,tr|B8JKH7|B8JKH7_DANRE,mylz3,"Myosin, light polypeptide 3, skeletal muscle (Fragment) OS=Danio rerio OX=7955 GN=mylz3 PE=1 SV=1",K.DVKKILGDPSADDMANKRIDFEAFLPMLK.T,89450000.0
skeletal_cardiac_muscle,optic_tectum,proteoform_ID_Teo2.xlsx,285,tr|B8JKH7|B8JKH7_DANRE,mylz3,"Myosin, light polypeptide 3, skeletal muscle (Fragment) OS=Danio rerio OX=7955 GN=mylz3 PE=1 SV=1",K.KILGDPSADDMANKRIDFEAFLPMLK.T,4914500.0
skeletal_cardiac_muscle,optic_tectum,proteoform_ID_Teo2.xlsx,289,tr|Q9I8U7|Q9I8U7_DANRE,mylz3,Fast skeletal muscle myosin light polypeptide 3 OS=Danio rerio OX=7955 GN=mylz3 PE=1 SV=1,M.(A)[Acetyl]GEFTADQIEDFKEAFGLFDRVGDSKVAYNQVADIMRALGQNPTNKDVKKILGDPSADDMANKRIDFEAFLPMLKTVDANQKGTYDDYVEGL.R,38945000.0
skeletal_cardiac_muscle,optic_tectum,proteoform_ID_Teo2.xlsx,293,tr|Q9I8U7|Q9I8U7_DANRE,mylz3,Fast skeletal muscle myosin light polypeptide 3 OS=Danio rerio OX=7955 GN=mylz3 PE=1 SV=1,M.(A)[Acetyl]GEFTADQIEDFKEAFGLFDRVGDSKVAYNQVADIMRALGQNPTNKDVKK.I,93650000.0
skeletal_cardiac_muscle,optic_tectum,proteoform_ID_Teo2.xlsx,306,tr|E9QDI4|E9QDI4_DANRE,tnnt3b,"Troponin T type 3b (skeletal, fast) (Fragment) OS=Danio rerio OX=7955 GN=tnnt3b PE=1 SV=2",M.(S)[Acetyl]DTEDVGVEEYDEEEKPKFKPSAPKIPDGDKVDFDDIQKK.R,104900000.0
skeletal_cardiac_muscle,optic_tectum,proteoform_ID_Teo2.xlsx,309,tr|Q9I8U7|Q9I8U7_DANRE,mylz3,Fast skeletal muscle myosin light polypeptide 3 OS=Danio rerio OX=7955 GN=mylz3 PE=1 SV=1,M.(A)[Acetyl]GEFTADQIEDFKEAFGLFDRVGDSKVAYNQVADIMRALGQNPTNKDVKKILGDPSADDMANK.R,497150000.0
skeletal_cardiac_muscle,optic_tectum,proteoform_ID_Teo2.xlsx,311,tr|Q9I8U7|Q9I8U7_DANRE,mylz3,Fast skeletal muscle myosin light polypeptide 3 OS=Danio rerio OX=7955 GN=mylz3 PE=1 SV=1,M.(A)[Acetyl]GEFTADQIEDFKEAFGLFDRVGDSKVAYNQVAD(IMRALGQNPTNKD)[16.0145]VKKILGDPSADDMANK.R,113950000.0
skeletal_cardiac_muscle,optic_tectum,proteoform_ID_Teo2.xlsx,325,tr|Q66I73|Q66I73_DANRE,mylpfb,"Myosin light chain, phosphorylatable, fast skeletal muscle b OS=Danio rerio OX=7955 GN=mylpfb PE=1 SV=1",M.((A)[Acetyl]PKKAKKRQQAEGGSSNVFSM)[-749.4690]FEQSQIQEYK.E,6395000.0
skeletal_cardiac_muscle,optic_tectum,proteoform_ID_Teo2.xlsx,326,tr|E9QG51|E9QG51_DANRE,mylpfb,"Myosin light chain, phosphorylatable, fast skeletal muscle b (Fragment) OS=Danio rerio OX=7955 GN=mylpfb PE=1 SV=1",.(M)[-25.9443]FEQSQIQEYK.E,132850.0
skeletal_cardiac_muscle,optic_tectum,proteoform_ID_Teo2.xlsx,334,tr|Q9I8U7|Q9I8U7_DANRE,mylz3,Fast skeletal muscle myosin light polypeptide 3 OS=Danio rerio OX=7955 GN=mylz3 PE=1 SV=1,M.(A)[Acetyl]GEFTADQIEDFKEAFGLFDRVGDSKVAYNQVADIMRALGQNPTNKDVK.K,12445000.0
skeletal_cardiac_muscle,optic_tectum,proteoform_ID_Teo2.xlsx,336,tr|Q9I8U7|Q9I8U7_DANRE,mylz3,Fast skeletal muscle myosin light polypeptide 3 OS=Danio rerio OX=7955 GN=mylz3 PE=1 SV=1,M.(A)[Acetyl]GEFTADQIEDFKEAFGLFDRVGDSKVAYNQV(ADIMRALGQNPTNKD)[16.0128]VK.K,11300000.0
skeletal_cardiac_muscle,optic_tectum,proteoform_ID_Teo2.xlsx,344,tr|E9QDI4|E9QDI4_DANRE,tnnt3b,"Troponin T type 3b (skeletal, fast) (Fragment) OS=Danio rerio OX=7955 GN=tnnt3b PE=1 SV=2",M.(S)[Acetyl]DTEDVGVEEYDEEEKPKFKPSAPKIPDGDKVDFDDIQK.K,36285000.0
skeletal_cardiac_muscle,optic_tectum,proteoform_ID_Teo2.xlsx,345,tr|A0A2R8Q2N5|A0A2R8Q2N5_DANRE,myhz1.2,"Myosin, heavy polypeptide 1.2, skeletal muscle OS=Danio rerio OX=7955 GN=myhz1.2 PE=3 SV=1",K.NLQQEISDLTEQIGETGKSIHELEK.S,12015000.0
skeletal_cardiac_muscle,optic_tectum,proteoform_ID_Teo2.xlsx,349,tr|A2BGX6|A2BGX6_DANRE,myhc4,Myosin heavy chain 4 OS=Danio rerio OX=7955 GN=myhc4 PE=1 SV=1,K.TVETEKAEIQTALEEAEGTLEHEESK.I,800500.0
skeletal_cardiac_muscle,optic_tectum,proteoform_ID_Teo2.xlsx,351,tr|F1R8W4|F1R8W4_DANRE,desma,Desmin a OS=Danio rerio OX=7955 GN=desma PE=1 SV=1,K.TVLIKTIETRDGEVVSESTQHQQDVM.,608500.0
skeletal_cardiac_muscle,optic_tectum,proteoform_ID_Teo2.xlsx,354,tr|Q9I8U7|Q9I8U7_DANRE,mylz3,Fast skeletal muscle myosin light polypeptide 3 OS=Danio rerio OX=7955 GN=mylz3 PE=1 SV=1,K.TVDANQKGTYDDYVEGLRVFDKEGN.G,515500.0
skeletal_cardiac_muscle,optic_tectum,proteoform_ID_Teo2.xlsx,380,tr|Q9I8U7|Q9I8U7_DANRE,mylz3,Fast skeletal muscle myosin light polypeptide 3 OS=Danio rerio OX=7955 GN=mylz3 PE=1 SV=1,M.(A)[Acetyl]GEFTADQIEDFKEAFGLFDRVGDSKVAYNQVAD(IMRAL)[32.0102]GQNPTNK.D,26490000.0
skeletal_cardiac_muscle,optic_tectum,proteoform_ID_Teo2.xlsx,392,tr|E9QDI4|E9QDI4_DANRE,tnnt3b,"Troponin T type 3b (skeletal, fast) (Fragment) OS=Danio rerio OX=7955 GN=tnnt3b PE=1 SV=2",M.(S)[Acetyl]DTEDVGVEEYDEEEKPKFKPSAPKIPD.G,324500.0
skeletal_cardiac_muscle,optic_tectum,proteoform_ID_Teo2.xlsx,449,tr|Q6DHP2|Q6DHP2_DANRE,tnni2b.2,"Troponin I type 2b (skeletal, fast), tandem duplicate 2 OS=Danio rerio OX=7955 GN=tnni2b.2 PE=1 SV=1",K.VAKSDKEIEDLKIKVQDLIGKFKKPAL.K,1834000.0
skeletal_cardiac_muscle,optic_tectum,proteoform_ID_Teo2.xlsx,450,tr|A0A0R4IKJ0|A0A0R4IKJ0_DANRE,myl10,"Myosin, light chain 10, regulatory OS=Danio rerio OX=7955 GN=myl10 PE=1 SV=1",K.KKEAASSNVFSMFEQSQIQEFK.E,1927500.0
skeletal_cardiac_muscle,optic_tectum,proteoform_ID_Teo2.xlsx,456,tr|A2BGX6|A2BGX6_DANRE,myhc4,Myosin heavy chain 4 OS=Danio rerio OX=7955 GN=myhc4 PE=1 SV=1,L.RKVQHELEEAEERADISESQVNKLRAK.S,2289000.0
skeletal_cardiac_muscle,optic_tectum,proteoform_ID_Teo2.xlsx,460,tr|Q9I8U7|Q9I8U7_DANRE,mylz3,Fast skeletal muscle myosin light polypeptide 3 OS=Danio rerio OX=7955 GN=mylz3 PE=1 SV=1,K.TVDANQKGTYDDYVEGLRVFDKEGNGTVMGAELRIVLSTLGEKMSEPEIDAL.M,2574000.0
skeletal_cardiac_muscle,optic_tectum,proteoform_ID_Teo2.xlsx,472,tr|A0A0R4IEZ2|A0A0R4IEZ2_DANRE,actc1a,Actin alpha cardiac muscle 1a OS=Danio rerio OX=7955 GN=actc1a PE=1 SV=1,L.KYPIEHGIITNWDDMEKIWHHTFY.N,4116500.0
skeletal_cardiac_muscle,optic_tectum,proteoform_ID_Teo2.xlsx,473,tr|A0A0R4IEZ2|A0A0R4IEZ2_DANRE,actc1a,Actin alpha cardiac muscle 1a OS=Danio rerio OX=7955 GN=actc1a PE=1 SV=1,L.KY(PIEH)[14.0299]GIITNWDDMEKIWHHTFY.N,4327500.0
skeletal_cardiac_muscle,optic_tectum,proteoform_ID_Teo2.xlsx,474,tr|Q6DHP2|Q6DHP2_DANRE,tnni2b.2,"Troponin I type 2b (skeletal, fast), tandem duplicate 2 OS=Danio rerio OX=7955 GN=tnni2b.2 PE=1 SV=1",K.SDKEIEDLKIKVQDLIGKFKKPALKK.V,4543000.0
skeletal_cardiac_muscle,optic_tectum,proteoform_ID_Teo2.xlsx,485,tr|A0A0R4IEZ2|A0A0R4IEZ2_DANRE,actc1a,Actin alpha cardiac muscle 1a OS=Danio rerio OX=7955 GN=actc1a PE=1 SV=1,Y.PIEHGIITNWDDMEKIWHHTFY.N,6225000.0
skeletal_cardiac_muscle,optic_tectum,proteoform_ID_Teo2.xlsx,486,tr|A0A2R8Q2N5|A0A2R8Q2N5_DANRE,myhz1.2,"Myosin, heavy polypeptide 1.2, skeletal muscle OS=Danio rerio OX=7955 GN=myhz1.2 PE=3 SV=1",R.VRELESEVEAEQRRGADAVKGVR.K,6625000.0
skeletal_cardiac_muscle,optic_tectum,proteoform_ID_Teo2.xlsx,488,tr|A0A2R8QTL0|A0A2R8QTL0_DANRE,mylpfa,"Myosin light chain, phosphorylatable, fast skeletal muscle a OS=Danio rerio OX=7955 GN=mylpfa PE=1 SV=1",K.RRAAGGEGSSNVFS(M)[16.0021]FEQSQIQEYK.E,7755000.0
skeletal_cardiac_muscle,optic_tectum,proteoform_ID_Teo2.xlsx,489,tr|A2BGX6|A2BGX6_DANRE,myhc4,Myosin heavy chain 4 OS=Danio rerio OX=7955 GN=myhc4 PE=1 SV=1,R.VKELTYQTEEDKKNINRLQDLVDKLQLKVK.A,7980000.0
skeletal_cardiac_muscle,optic_tectum,proteoform_ID_Teo2.xlsx,504,tr|A0A1D5NS25|A0A1D5NS25_DANRE,tnnt3b,"Troponin T type 3b (skeletal, fast) (Fragment) OS=Danio rerio OX=7955 GN=tnnt3b PE=1 SV=1",R.RKPLNIDHMNEDKLREKAKELWDWLYSLEAEKFEHMEKLK.R,20695000.0
skeletal_cardiac_muscle,optic_tectum,proteoform_ID_Teo2.xlsx,505,tr|E9QG51|E9QG51_DANRE,mylpfb,"Myosin light chain, phosphorylatable, fast skeletal muscle b (Fragment) OS=Danio rerio OX=7955 GN=mylpfb PE=1 SV=1",.(M)[87.0377]FEQSQIQEYK.E,21150000.0
skeletal_cardiac_muscle,optic_tectum,proteoform_ID_Teo2.xlsx,508,tr|A2BGX6|A2BGX6_DANRE,myhc4,Myosin heavy chain 4 OS=Danio rerio OX=7955 GN=myhc4 PE=1 SV=1,R.VKELTYQTEEDKKNINRLQDLVDKLQLKVKAYKRQSEEAEEQANSHLSK.L,24540000.0
skeletal_cardiac_muscle,optic_tectum,proteoform_ID_Teo2.xlsx,516,tr|Q6P0T7|Q6P0T7_DANRE,tnnt3b,Tnnt3b protein OS=Danio rerio OX=7955 GN=tnnt3b PE=1 SV=1,M.(S)[Acetyl]DTEDVGVEEEKPKFKPSAPKIPDGDKVDFDDIQKKRQNKDLVELQALIDAHFEHRKKEEEELIALKDRIEKR.R,43430000.0
skeletal_cardiac_muscle,optic_tectum,proteoform_ID_Teo2.xlsx,525,tr|A0A0R4IEZ2|A0A0R4IEZ2_DANRE,actc1a,Actin alpha cardiac muscle 1a OS=Danio rerio OX=7955 GN=actc1a PE=1 SV=1,K.RGILTLKYPIEHGIITNWDDMEKIWHHTFY.N,66900000.0
contractile_cytoskeleton,telencephalon,Proteoform_ID_Tel2.xlsx,267,tr|Q6P0T7|Q6P0T7_DANRE,tnnt3b,Tnnt3b protein OS=Danio rerio OX=7955 GN=tnnt3b PE=1 SV=1,M.(S)[Acetyl]DTEDVGVEEEKPKFKPSAPKIPDGDKVDFDDIQKKRQNKDLVELQALIDAHFEHRKKEEEELIALKDRIEKR.R,7085000.0
contractile_cytoskeleton,telencephalon,Proteoform_ID_Tel2.xlsx,268,tr|A0A1D5NSI6|A0A1D5NSI6_DANRE,tnnt3b,"Troponin T type 3b (skeletal, fast) OS=Danio rerio OX=7955 GN=tnnt3b PE=1 SV=1",R.RKPLNIDHMNEDKLREKAKELWDWLYSLEAEKFEHMEKLKRQKYEVTTQRKRVEELSKY.S,7855000.0
contractile_cytoskeleton,optic_tectum,proteoform_ID_Teo2.xlsx,3,tr|A0A1D5NS25|A0A1D5NS25_DANRE,tnnt3b,"Troponin T type 3b (skeletal, fast) (Fragment) OS=Danio rerio OX=7955 GN=tnnt3b PE=1 SV=1",K.KRQNKDLVELQALIDAHFEHRKKEEEELIALKDRIEKR.R,20750900.0
contractile_cytoskeleton,optic_tectum,proteoform_ID_Teo2.xlsx,8,sp|Q7ZVF9|ACTB2_DANRE,actbb,"Actin, cytoplasmic 2 OS=Danio rerio OX=7955 GN=actbb PE=1 SV=2",Y.NELRVAPEEHPVLLTEAPLNPKANREK.M,12234500.0
contractile_cytoskeleton,optic_tectum,proteoform_ID_Teo2.xlsx,12,sp|Q7ZVF9|ACTB2_DANRE,actbb,"Actin, cytoplasmic 2 OS=Danio rerio OX=7955 GN=actbb PE=1 SV=2",K.AGFAGDDAPRAVFPSIVGRPRHQGVMVGMGQKDSYVGD.E,3174500.0
contractile_cytoskeleton,optic_tectum,proteoform_ID_Teo2.xlsx,20,tr|Q6DHP2|Q6DHP2_DANRE,tnni2b.2,"Troponin I type 2b (skeletal, fast), tandem duplicate 2 OS=Danio rerio OX=7955 GN=tnni2b.2 PE=1 SV=1",K.VRMSADSMLQALLGSKHKVSLDL.R,5472000.0
contractile_cytoskeleton,optic_tectum,proteoform_ID_Teo2.xlsx,28,tr|A2BGX6|A2BGX6_DANRE,myhc4,Myosin heavy chain 4 OS=Danio rerio OX=7955 GN=myhc4 PE=1 SV=1,K.LRKVQHELEEAEERADISESQVNKLR.A,11780000.0
contractile_cytoskeleton,optic_tectum,proteoform_ID_Teo2.xlsx,31,tr|A0A1D5NS25|A0A1D5NS25_DANRE,tnnt3b,"Troponin T type 3b (skeletal, fast) (Fragment) OS=Danio rerio OX=7955 GN=tnnt3b PE=1 SV=1",R.IRAEKDKERQARREEERLRKEEADAKKRADEDAKK.K,8423500.0
contractile_cytoskeleton,optic_tectum,proteoform_ID_Teo2.xlsx,35,tr|E9QDI4|E9QDI4_DANRE,tnnt3b,"Troponin T type 3b (skeletal, fast) (Fragment) OS=Danio rerio OX=7955 GN=tnnt3b PE=1 SV=2",R.RKPLNIDHMNEDKLREKAKEL(W)[16.0071]DWLYSLEAEKFEHMEKLKR.Q,11870000.0
contractile_cytoskeleton,optic_tectum,proteoform_ID_Teo2.xlsx,38,tr|Q6DHP2|Q6DHP2_DANRE,tnni2b.2,"Troponin I type 2b (skeletal, fast), tandem duplicate 2 OS=Danio rerio OX=7955 GN=tnni2b.2 PE=1 SV=1",K.EVKEEDKEAVGDWRKNIEDKAGMGGRK.K,11795000.0
contractile_cytoskeleton,optic_tectum,proteoform_ID_Teo2.xlsx,39,tr|A0A2R8Q2N5|A0A2R8Q2N5_DANRE,myhz1.2,"Myosin, heavy polypeptide 1.2, skeletal muscle OS=Danio rerio OX=7955 GN=myhz1.2 PE=3 SV=1",K.MKNSYEETLDQLETLKRENK.N,12285000.0
contractile_cytoskeleton,optic_tectum,proteoform_ID_Teo2.xlsx,41,tr|A2BGX6|A2BGX6_DANRE,myhc4,Myosin heavy chain 4 OS=Danio rerio OX=7955 GN=myhc4 PE=1 SV=1,K.LRKVQHELEEAEERADISESQVNKL.R,13020000.0
contractile_cytoskeleton,optic_tectum,proteoform_ID_Teo2.xlsx,48,tr|A2BGX6|A2BGX6_DANRE,myhc4,Myosin heavy chain 4 OS=Danio rerio OX=7955 GN=myhc4 PE=1 SV=1,K.LRKVQHELEEAEERADISESQVNKLRA.K,15230000.0
contractile_cytoskeleton,optic_tectum,proteoform_ID_Teo2.xlsx,50,tr|Q6DHP2|Q6DHP2_DANRE,tnni2b.2,"Troponin I type 2b (skeletal, fast), tandem duplicate 2 OS=Danio rerio OX=7955 GN=tnni2b.2 PE=1 SV=1",K.EVKEEDKEAVGDWRKNIEDKAGMGGRKK.M,16540000.0
contractile_cytoskeleton,optic_tectum,proteoform_ID_Teo2.xlsx,58,tr|Q7ZUB0|Q7ZUB0_DANRE,myl13,Atrial myosin light chain OS=Danio rerio OX=7955 GN=myl13 PE=1 SV=1,M.(APKKKEE)[42.0552]PKPAAAPKPPEPEPPKEPEFNAA.E,19115000.0
contractile_cytoskeleton,optic_tectum,proteoform_ID_Teo2.xlsx,72,tr|Q6DHP2|Q6DHP2_DANRE,tnni2b.2,"Troponin I type 2b (skeletal, fast), tandem duplicate 2 OS=Danio rerio OX=7955 GN=tnni2b.2 PE=1 SV=1",K.VAKSDKEIEDLKIKVQDLIGKFKKPALKK.V,26340000.0
contractile_cytoskeleton,optic_tectum,proteoform_ID_Teo2.xlsx,78,tr|A0A1D5NS25|A0A1D5NS25_DANRE,tnnt3b,"Troponin T type 3b (skeletal, fast) (Fragment) OS=Danio rerio OX=7955 GN=tnnt3b PE=1 SV=1",R.SERAEQQRIRAEKDKERQARREEERLRKEEADAKKRADEDAKKK.S,29740000.0
contractile_cytoskeleton,optic_tectum,proteoform_ID_Teo2.xlsx,81,sp|Q7ZVF9|ACTB2_DANRE,actbb,"Actin, cytoplasmic 2 OS=Danio rerio OX=7955 GN=actbb PE=1 SV=2",K.AGFAGDDAPRAVFPSIVGRPRHQGVMV.G,30395000.0
contractile_cytoskeleton,optic_tectum,proteoform_ID_Teo2.xlsx,82,tr|A0A1D5NS25|A0A1D5NS25_DANRE,tnnt3b,"Troponin T type 3b (skeletal, fast) (Fragment) OS=Danio rerio OX=7955 GN=tnnt3b PE=1 SV=1",K.KRQNKDLVELQALIDAHFEHRKKEEEELIALKDRIEK.R,30325000.0
contractile_cytoskeleton,optic_tectum,proteoform_ID_Teo2.xlsx,89,tr|A0A1D5NSI6|A0A1D5NSI6_DANRE,tnnt3b,"Troponin T type 3b (skeletal, fast) OS=Danio rerio OX=7955 GN=tnnt3b PE=1 SV=1",R.RKPLNIDHMNEDKLREKAKELWDWLYSLEAEKFEHMEKLKRQKYEVTTQR.K,46165000.0
contractile_cytoskeleton,optic_tectum,proteoform_ID_Teo2.xlsx,96,tr|A0A1D5NS25|A0A1D5NS25_DANRE,tnnt3b,"Troponin T type 3b (skeletal, fast) (Fragment) OS=Danio rerio OX=7955 GN=tnnt3b PE=1 SV=1",R.RKPLNIDHMNEDKLREKAKELWDWLYSLEAEKFEHMEKLKR.Q,42960000.0
contractile_cytoskeleton,optic_tectum,proteoform_ID_Teo2.xlsx,104,tr|A0A1D5NS25|A0A1D5NS25_DANRE,tnnt3b,"Troponin T type 3b (skeletal, fast) (Fragment) OS=Danio rerio OX=7955 GN=tnnt3b PE=1 SV=1",K.RQNKDLVELQALIDAHFEHRKKEEEELIALKDRIEK.R,50800000.0
contractile_cytoskeleton,optic_tectum,proteoform_ID_Teo2.xlsx,111,tr|A2BGX6|A2BGX6_DANRE,myhc4,Myosin heavy chain 4 OS=Danio rerio OX=7955 GN=myhc4 PE=1 SV=1,K.LRKVQHELEEAEERADISESQVNKLRAK.S,57915000.0
contractile_cytoskeleton,optic_tectum,proteoform_ID_Teo2.xlsx,112,tr|A2BGX6|A2BGX6_DANRE,myhc4,Myosin heavy chain 4 OS=Danio rerio OX=7955 GN=myhc4 PE=1 SV=1,K.LRKVQHELEEAEERADISESQVNK.L,60865000.0
contractile_cytoskeleton,optic_tectum,proteoform_ID_Teo2.xlsx,114,sp|Q7ZVF9|ACTB2_DANRE,actbb,"Actin, cytoplasmic 2 OS=Danio rerio OX=7955 GN=actbb PE=1 SV=2",K.AGFAGDDA(PRAVFPSIVGRPRHQGVMVGMGQK)[16.0136]DSYVGDEAQSK.R,60180000.0
contractile_cytoskeleton,optic_tectum,proteoform_ID_Teo2.xlsx,119,sp|Q7ZVF9|ACTB2_DANRE,actbb,"Actin, cytoplasmic 2 OS=Danio rerio OX=7955 GN=actbb PE=1 SV=2",K.AGFAGDDAPRAVFPSIVGRPRHQ.G,80520000.0
contractile_cytoskeleton,optic_tectum,proteoform_ID_Teo2.xlsx,120,tr|A0A0R4IEZ2|A0A0R4IEZ2_DANRE,actc1a,Actin alpha cardiac muscle 1a OS=Danio rerio OX=7955 GN=actc1a PE=1 SV=1,K.RGILTLKYPIEHGIITNWDDMEKIWHHTFYNELRVAPEEHPVLLTEAPLNPK.A,88830000.0
contractile_cytoskeleton,optic_tectum,proteoform_ID_Teo2.xlsx,130,tr|A0A1D5NS25|A0A1D5NS25_DANRE,tnnt3b,"Troponin T type 3b (skeletal, fast) (Fragment) OS=Danio rerio OX=7955 GN=tnnt3b PE=1 SV=1",K.RQNKDLVELQALIDAHFEHRKKEEEELIALKDRIEKR.R,97395000.0
contractile_cytoskeleton,optic_tectum,proteoform_ID_Teo2.xlsx,131,tr|Q9I8U7|Q9I8U7_DANRE,mylz3,Fast skeletal muscle myosin light polypeptide 3 OS=Danio rerio OX=7955 GN=mylz3 PE=1 SV=1,K.TVDANQKGTYDDYVEGLRVFDKEGNGTVMGAELRIVLSTLGEKMSEPEIDALMQGQEDENGMVHYEAFVKNIMSV.,126900000.0
contractile_cytoskeleton,optic_tectum,proteoform_ID_Teo2.xlsx,132,tr|Q9I8U7|Q9I8U7_DANRE,mylz3,Fast skeletal muscle myosin light polypeptide 3 OS=Danio rerio OX=7955 GN=mylz3 PE=1 SV=1,M.(A)[Acetyl]GEFTADQIEDFKEAFGLFDRVGDSKVAYNQVAD(IMRAL)[16.0078]GQNPTNK.D,60089500.0
contractile_cytoskeleton,optic_tectum,proteoform_ID_Teo2.xlsx,133,tr|A0A2R8QTL0|A0A2R8QTL0_DANRE,mylpfa,"Myosin light chain, phosphorylatable, fast skeletal muscle a OS=Danio rerio OX=7955 GN=mylpfa PE=1 SV=1",K.RRAAGGEGSSNVFSMFEQSQIQEYK.E,111550000.0
contractile_cytoskeleton,optic_tectum,proteoform_ID_Teo2.xlsx,134,tr|A0A2R8RJJ2|A0A2R8RJJ2_DANRE,actc2,Zgc:86709 OS=Danio rerio OX=7955 GN=actc2 PE=3 SV=1,Y.NELRVAPEEHPTLLTEAPLNPK.A,64501500.0
contractile_cytoskeleton,optic_tectum,proteoform_ID_Teo2.xlsx,139,tr|A0A1D5NS25|A0A1D5NS25_DANRE,tnnt3b,"Troponin T type 3b (skeletal, fast) (Fragment) OS=Danio rerio OX=7955 GN=tnnt3b PE=1 SV=1",R.IRAEKDKERQARREEERLRKEEADAKKRADEDAKKK.S,128750000.0
contractile_cytoskeleton,optic_tectum,proteoform_ID_Teo2.xlsx,140,sp|Q7ZVF9|ACTB2_DANRE,actbb,"Actin, cytoplasmic 2 OS=Danio rerio OX=7955 GN=actbb PE=1 SV=2",Y.NELRVAPEEHPVLLTEAPLNPK.A,70575000.0
contractile_cytoskeleton,optic_tectum,proteoform_ID_Teo2.xlsx,144,tr|Q6P0T7|Q6P0T7_DANRE,tnnt3b,Tnnt3b protein OS=Danio rerio OX=7955 GN=tnnt3b PE=1 SV=1,M.(S)[Acetyl]DTEDVGVEEEKPKFKPSAPKIPDGDKVDFDDIQK.K,71266500.0
contractile_cytoskeleton,optic_tectum,proteoform_ID_Teo2.xlsx,145,tr|A0A0R4IEZ2|A0A0R4IEZ2_DANRE,actc1a,Actin alpha cardiac muscle 1a OS=Danio rerio OX=7955 GN=actc1a PE=1 SV=1,K.RGILTLKYPIE(H)[14.0283]GIITNWDDMEKIWHHTFY.N,131400000.0
contractile_cytoskeleton,optic_tectum,proteoform_ID_Teo2.xlsx,146,tr|Q9I8U7|Q9I8U7_DANRE,mylz3,Fast skeletal muscle myosin light polypeptide 3 OS=Danio rerio OX=7955 GN=mylz3 PE=1 SV=1,M.(A)[Acetyl]GEFTADQIEDFKEAFGLFDRVGDSKVAYNQVADIMRALGQNPTNK.D,88060000.0
contractile_cytoskeleton,optic_tectum,proteoform_ID_Teo2.xlsx,151,tr|A0A1D5NS25|A0A1D5NS25_DANRE,tnnt3b,"Troponin T type 3b (skeletal, fast) (Fragment) OS=Danio rerio OX=7955 GN=tnnt3b PE=1 SV=1",R.RSERAEQQRIRAEKDKERQARREEERLRKEEADAKKRADEDAKKK.S,150600000.0
contractile_cytoskeleton,optic_tectum,proteoform_ID_Teo2.xlsx,157,sp|Q7ZVF9|ACTB2_DANRE,actbb,"Actin, cytoplasmic 2 OS=Danio rerio OX=7955 GN=actbb PE=1 SV=2",K.AGFAGDDAPRAVFPSIVGRPRHQGVMVGMGQKDSYVGDEAQSK.R,193100000.0
contractile_cytoskeleton,optic_tectum,proteoform_ID_Teo2.xlsx,183,tr|A0A1D5NS25|A0A1D5NS25_DANRE,tnnt3b,"Troponin T type 3b (skeletal, fast) (Fragment) OS=Danio rerio OX=7955 GN=tnnt3b PE=1 SV=1",R.QARREEERLRKEEADAKKRADEDAKKK.S,3417000.0
contractile_cytoskeleton,optic_tectum,proteoform_ID_Teo2.xlsx,184,tr|A0A1D5NS25|A0A1D5NS25_DANRE,tnnt3b,"Troponin T type 3b (skeletal, fast) (Fragment) OS=Danio rerio OX=7955 GN=tnnt3b PE=1 SV=1",K.DKERQARREEERLRKEEADAKKRADEDAKKK.S,1950000.0
contractile_cytoskeleton,optic_tectum,proteoform_ID_Teo2.xlsx,187,tr|A0A1D5NSK1|A0A1D5NSK1_DANRE,tnnt3b,"Troponin T type 3b (skeletal, fast) (Fragment) OS=Danio rerio OX=7955 GN=tnnt3b PE=1 SV=1",K.KRQNKDLVELQALIDAHFEHRKKEEEELI(ALKDRI)[413.2533].,32985000.0
contractile_cytoskeleton,optic_tectum,proteoform_ID_Teo2.xlsx,188,tr|Q6DHP2|Q6DHP2_DANRE,tnni2b.2,"Troponin I type 2b (skeletal, fast), tandem duplicate 2 OS=Danio rerio OX=7955 GN=tnni2b.2 PE=1 SV=1",L.KQVKKEVKEEDKEAVGDWRKNIEDKAGMGGRKK.M,148500.0
contractile_cytoskeleton,optic_tectum,proteoform_ID_Teo2.xlsx,189,tr|Q6DHP2|Q6DHP2_DANRE,tnni2b.2,"Troponin I type 2b (skeletal, fast), tandem duplicate 2 OS=Danio rerio OX=7955 GN=tnni2b.2 PE=1 SV=1",A.KSDKEIEDLKIKVQDLIGKFKKPALKK.V,1132000.0
contractile_cytoskeleton,optic_tectum,proteoform_ID_Teo2.xlsx,190,tr|A0A1D5NS25|A0A1D5NS25_DANRE,tnnt3b,"Troponin T type 3b (skeletal, fast) (Fragment) OS=Danio rerio OX=7955 GN=tnnt3b PE=1 SV=1",R.IRAEKDKERQARREEERLRKEEADAKKRADEDAKKKSALSNMGSQY.S,4227000.0
contractile_cytoskeleton,optic_tectum,proteoform_ID_Teo2.xlsx,196,tr|A0A1D5NS25|A0A1D5NS25_DANRE,tnnt3b,"Troponin T type 3b (skeletal, fast) (Fragment) OS=Danio rerio OX=7955 GN=tnnt3b PE=1 SV=1",K.FKPSAPKIPDGDKVDFDDIQKKRQNKDLVELQALIDAHFEHRKKEEEELIALKDRIEKR.R,39205000.0
contractile_cytoskeleton,optic_tectum,proteoform_ID_Teo2.xlsx,204,tr|A0A1D5NS25|A0A1D5NS25_DANRE,tnnt3b,"Troponin T type 3b (skeletal, fast) (Fragment) OS=Danio rerio OX=7955 GN=tnnt3b PE=1 SV=1",K.RQNKDLVELQALIDAHFEHRKKEEEELIALK.D,12730000.0
contractile_cytoskeleton,optic_tectum,proteoform_ID_Teo2.xlsx,208,tr|A0A2R8Q2N5|A0A2R8Q2N5_DANRE,myhz1.2,"Myosin, heavy polypeptide 1.2, skeletal muscle OS=Danio rerio OX=7955 GN=myhz1.2 PE=3 SV=1",R.VRELESEVEAEQRRGADAVKGVRKYER.R,9785000.0
contractile_cytoskeleton,optic_tectum,proteoform_ID_Teo2.xlsx,212,tr|Q6DHP2|Q6DHP2_DANRE,tnni2b.2,"Troponin I type 2b (skeletal, fast), tandem duplicate 2 OS=Danio rerio OX=7955 GN=tnni2b.2 PE=1 SV=1",K.KEVKEEDKEAVGDWRKNIEDK.A,2417500.0
contractile_cytoskeleton,optic_tectum,proteoform_ID_Teo2.xlsx,219,tr|E7FAD0|E7FAD0_DANRE,myhz1.1,"Myosin, heavy polypeptide 1.1, skeletal muscle OS=Danio rerio OX=7955 GN=myhz1.1 PE=1 SV=3",R.KVQHEMEEAQERADIAESQVNKLRAK.S,1565500.0
contractile_cytoskeleton,optic_tectum,proteoform_ID_Teo2.xlsx,223,tr|A0A2R8QTL0|A0A2R8QTL0_DANRE,mylpfa,"Myosin light chain, phosphorylatable, fast skeletal muscle a OS=Danio rerio OX=7955 GN=mylpfa PE=1 SV=1",K.RRAAGGEGSSNVFSMFEQSQIQEYKEAFTIIDQNRDGIISKDDLRDVLASMGQLNVKNEELEAMIKEASGPINFTVFLTMFGEKLKGADPEDVIVSAFKVLD(PEGTGSIKKEFLEELLTTQCDRFTAEEMKNLWAAFPPDVAGNVDYKNICYVITHGEEKEE)[-1.9787].,22490000.0
contractile_cytoskeleton,optic_tectum,proteoform_ID_Teo2.xlsx,225,tr|Q6DHP2|Q6DHP2_DANRE,tnni2b.2,"Troponin I type 2b (skeletal, fast), tandem duplicate 2 OS=Danio rerio OX=7955 GN=tnni2b.2 PE=1 SV=1",K.EVKEEDKEAVGDWRKNIEDK.A,21060000.0
contractile_cytoskeleton,optic_tectum,proteoform_ID_Teo2.xlsx,228,tr|E9QBP3|E9QBP3_DANRE,actb1,"Actin, beta 1 OS=Danio rerio OX=7955 GN=actb1 PE=1 SV=1",K.RGILTLKYPIE(H)[14.0234]GIVTNWDDMEKIWHHTFY.N,68600000.0
contractile_cytoskeleton,optic_tectum,proteoform_ID_Teo2.xlsx,230,tr|A0A2R8QTL0|A0A2R8QTL0_DANRE,mylpfa,"Myosin light chain, phosphorylatable, fast skeletal muscle a OS=Danio rerio OX=7955 GN=mylpfa PE=1 SV=1",K.EAFTIIDQNRDGIISKDDLRDVLASMGQLNVKNEELEAMIKEASGPINFTVFLTMFGEKLKGADPEDVIVSAFKVLDPEGTGSIKKEF(LEELLTTQCDRFTAEEMKNLWAAFPPDVAGNVDYKNICYVITHGEEKEE)[-131.0575].,26125000.0
contractile_cytoskeleton,optic_tectum,proteoform_ID_Teo2.xlsx,234,tr|A0A2R8QTL0|A0A2R8QTL0_DANRE,mylpfa,"Myosin light chain, phosphorylatable, fast skeletal muscle a OS=Danio rerio OX=7955 GN=mylpfa PE=1 SV=1",K.EAFTIIDQNRDGIISKDDLRDVLASMGQLNVKNEELEAMIKEASGPINFTVFLTMFGEKLKGADPEDVIVSAFKVLDPE(GTGSIKKEFLEELLTTQCDRFTAEEMKNLWAAFPPDVAGNVDYKNICYVITHGEEKEE)[-2.9892].,118400000.0
contractile_cytoskeleton,optic_tectum,proteoform_ID_Teo2.xlsx,236,tr|A0A2R8QTL0|A0A2R8QTL0_DANRE,mylpfa,"Myosin light chain, phosphorylatable, fast skeletal muscle a OS=Danio rerio OX=7955 GN=mylpfa PE=1 SV=1",F.KVLDPEGTGSIKKEFLEELL(TTQCDRFTAEEMKNLWAAFPPDVAGNVDYKNICYVI)[-1.9889]THGEEKEE.,4925000.0
contractile_cytoskeleton,optic_tectum,proteoform_ID_Teo2.xlsx,237,tr|Q6XNL8|Q6XNL8_DANRE,acta1b,Actin OS=Danio rerio OX=7955 GN=acta1b PE=1 SV=1,S.KRGIL(TLKYPIEH)[-114.0631]GIITNWDDMEKIWHHTFYNELRVAPEEHPTLLTEAPLNPK.A,51800000.0
contractile_cytoskeleton,optic_tectum,proteoform_ID_Teo2.xlsx,254,tr|A0A2R8QTL0|A0A2R8QTL0_DANRE,mylpfa,"Myosin light chain, phosphorylatable, fast skeletal muscle a OS=Danio rerio OX=7955 GN=mylpfa PE=1 SV=1",K.VLDPEGTGSIKKEFLEELLTTQCDRFTAEEMKNLWAAFPPDVAGNVDYKN(ICYVITHGEE)[-131.0417]KEE.,57450000.0
contractile_cytoskeleton,optic_tectum,proteoform_ID_Teo2.xlsx,257,tr|A0A2R8QTL0|A0A2R8QTL0_DANRE,mylpfa,"Myosin light chain, phosphorylatable, fast skeletal muscle a OS=Danio rerio OX=7955 GN=mylpfa PE=1 SV=1",K.VLDPEGTGSIKKEFLEELL(TTQCDRFTAEEMKNLWAAFPPDVAGNVDYKNICY)[-2.0021]VITHGEEKEE.,176000000.0
contractile_cytoskeleton,optic_tectum,proteoform_ID_Teo2.xlsx,262,tr|Q9I8U7|Q9I8U7_DANRE,mylz3,Fast skeletal muscle myosin light polypeptide 3 OS=Danio rerio OX=7955 GN=mylz3 PE=1 SV=1,M.(A)[Acetyl]GEFTADQIEDFKEAFGLFDRVGDSKVAYNQVADIMRALGQNPTNKDVKKILGDPSADDMANKRIDFEAFLPMLKTVDANQKGTYDDYVEGLRVFDKEGNGTVMGAELRIVLSTLGEKMSEPEIDALMQGQEDENGMVHYEAFVKNIMSV.,208600000.0
contractile_cytoskeleton,optic_tectum,proteoform_ID_Teo2.xlsx,263,tr|A2BGX6|A2BGX6_DANRE,myhc4,Myosin heavy chain 4 OS=Danio rerio OX=7955 GN=myhc4 PE=1 SV=1,R.KVQHELEEAEERADISESQVNK.L,4691000.0
contractile_cytoskeleton,optic_tectum,proteoform_ID_Teo2.xlsx,271,tr|Q9I8U7|Q9I8U7_DANRE,mylz3,Fast skeletal muscle myosin light polypeptide 3 OS=Danio rerio OX=7955 GN=mylz3 PE=1 SV=1,K.DVKKILGDPSADDMANKRIDFEAFLPMLKTVDANQKGTYDDYVEGLRVFDKEGNGTVMGAELRIVLSTLGEKMSEPEIDALMQGQEDENGMVHYEAFVKNIMSV.,26755000.0
contractile_cytoskeleton,optic_tectum,proteoform_ID_Teo2.xlsx,273,tr|Q6P0T7|Q6P0T7_DANRE,tnnt3b,Tnnt3b protein OS=Danio rerio OX=7955 GN=tnnt3b PE=1 SV=1,M.(S)[Acetyl]DTEDVGVEEEKPKFKPSAPKIPDGDKVDFDDIQKK.R,79600000.0
contractile_cytoskeleton,optic_tectum,proteoform_ID_Teo2.xlsx,275,tr|Q9I8U7|Q9I8U7_DANRE,mylz3,Fast skeletal muscle myosin light polypeptide 3 OS=Danio rerio OX=7955 GN=mylz3 PE=1 SV=1,M.(A)[Acetyl]GEFTADQIEDFKEAFGLFDRVGDSKVAYNQVADIMRALGQNPTNKDVKKILGDPSADDMANKRIDFEAFLPMLK.T,804000000.0
contractile_cytoskeleton,optic_tectum,proteoform_ID_Teo2.xlsx,276,tr|Q9I8U7|Q9I8U7_DANRE,mylz3,Fast skeletal muscle myosin light polypeptide 3 OS=Danio rerio OX=7955 GN=mylz3 PE=1 SV=1,M.(A)[58.1066]GEFTADQIEDFKEAFGLFDRVGDSKVAYNQVADIMRALGQNPTNKDVKKILGDPSADDMANKRIDFEAFLPMLK.T,181700000.0
contractile_cytoskeleton,optic_tectum,proteoform_ID_Teo2.xlsx,278,tr|A0A2R8QTL0|A0A2R8QTL0_DANRE,mylpfa,"Myosin light chain, phosphorylatable, fast skeletal muscle a OS=Danio rerio OX=7955 GN=mylpfa PE=1 SV=1",K.EAFTIIDQNRDGIISKDDLRDVLASMGQLNVKNEELEAMIKEASGPINFTVFLTMFGEKLKGADPEDVIVSAFK.V,121400000.0
contractile_cytoskeleton,optic_tectum,proteoform_ID_Teo2.xlsx,280,tr|Q9I8U7|Q9I8U7_DANRE,mylz3,Fast skeletal muscle myosin light polypeptide 3 OS=Danio rerio OX=7955 GN=mylz3 PE=1 SV=1,K.DVKKILGDPSADDMANKRIDFEAF(L)[388.2261]P.M,20770000.0
contractile_cytoskeleton,optic_tectum,proteoform_ID_Teo2.xlsx,282,tr|B8JKH7|B8JKH7_DANRE,mylz3,"Myosin, light polypeptide 3, skeletal muscle (Fragment) OS=Danio rerio OX=7955 GN=mylz3 PE=1 SV=1",K.DVKKILGDPSADDMANKRIDFEAFLPMLK.T,89450000.0
contractile_cytoskeleton,optic_tectum,proteoform_ID_Teo2.xlsx,285,tr|B8JKH7|B8JKH7_DANRE,mylz3,"Myosin, light polypeptide 3, skeletal muscle (Fragment) OS=Danio rerio OX=7955 GN=mylz3 PE=1 SV=1",K.KILGDPSADDMANKRIDFEAFLPMLK.T,4914500.0
contractile_cytoskeleton,optic_tectum,proteoform_ID_Teo2.xlsx,289,tr|Q9I8U7|Q9I8U7_DANRE,mylz3,Fast skeletal muscle myosin light polypeptide 3 OS=Danio rerio OX=7955 GN=mylz3 PE=1 SV=1,M.(A)[Acetyl]GEFTADQIEDFKEAFGLFDRVGDSKVAYNQVADIMRALGQNPTNKDVKKILGDPSADDMANKRIDFEAFLPMLKTVDANQKGTYDDYVEGL.R,38945000.0
contractile_cytoskeleton,optic_tectum,proteoform_ID_Teo2.xlsx,293,tr|Q9I8U7|Q9I8U7_DANRE,mylz3,Fast skeletal muscle myosin light polypeptide 3 OS=Danio rerio OX=7955 GN=mylz3 PE=1 SV=1,M.(A)[Acetyl]GEFTADQIEDFKEAFGLFDRVGDSKVAYNQVADIMRALGQNPTNKDVKK.I,93650000.0
contractile_cytoskeleton,optic_tectum,proteoform_ID_Teo2.xlsx,306,tr|E9QDI4|E9QDI4_DANRE,tnnt3b,"Troponin T type 3b (skeletal, fast) (Fragment) OS=Danio rerio OX=7955 GN=tnnt3b PE=1 SV=2",M.(S)[Acetyl]DTEDVGVEEYDEEEKPKFKPSAPKIPDGDKVDFDDIQKK.R,104900000.0
contractile_cytoskeleton,optic_tectum,proteoform_ID_Teo2.xlsx,309,tr|Q9I8U7|Q9I8U7_DANRE,mylz3,Fast skeletal muscle myosin light polypeptide 3 OS=Danio rerio OX=7955 GN=mylz3 PE=1 SV=1,M.(A)[Acetyl]GEFTADQIEDFKEAFGLFDRVGDSKVAYNQVADIMRALGQNPTNKDVKKILGDPSADDMANK.R,497150000.0
contractile_cytoskeleton,optic_tectum,proteoform_ID_Teo2.xlsx,311,tr|Q9I8U7|Q9I8U7_DANRE,mylz3,Fast skeletal muscle myosin light polypeptide 3 OS=Danio rerio OX=7955 GN=mylz3 PE=1 SV=1,M.(A)[Acetyl]GEFTADQIEDFKEAFGLFDRVGDSKVAYNQVAD(IMRALGQNPTNKD)[16.0145]VKKILGDPSADDMANK.R,113950000.0
contractile_cytoskeleton,optic_tectum,proteoform_ID_Teo2.xlsx,325,tr|Q66I73|Q66I73_DANRE,mylpfb,"Myosin light chain, phosphorylatable, fast skeletal muscle b OS=Danio rerio OX=7955 GN=mylpfb PE=1 SV=1",M.((A)[Acetyl]PKKAKKRQQAEGGSSNVFSM)[-749.4690]FEQSQIQEYK.E,6395000.0
contractile_cytoskeleton,optic_tectum,proteoform_ID_Teo2.xlsx,326,tr|E9QG51|E9QG51_DANRE,mylpfb,"Myosin light chain, phosphorylatable, fast skeletal muscle b (Fragment) OS=Danio rerio OX=7955 GN=mylpfb PE=1 SV=1",.(M)[-25.9443]FEQSQIQEYK.E,132850.0
contractile_cytoskeleton,optic_tectum,proteoform_ID_Teo2.xlsx,331,sp|Q7ZVF9|ACTB2_DANRE,actbb,"Actin, cytoplasmic 2 OS=Danio rerio OX=7955 GN=actbb PE=1 SV=2",Y.NELRVAPEEH(PV)[14.9957]LLTEAPLNPK.A,340650.0
contractile_cytoskeleton,optic_tectum,proteoform_ID_Teo2.xlsx,334,tr|Q9I8U7|Q9I8U7_DANRE,mylz3,Fast skeletal muscle myosin light polypeptide 3 OS=Danio rerio OX=7955 GN=mylz3 PE=1 SV=1,M.(A)[Acetyl]GEFTADQIEDFKEAFGLFDRVGDSKVAYNQVADIMRALGQNPTNKDVK.K,12445000.0
contractile_cytoskeleton,optic_tectum,proteoform_ID_Teo2.xlsx,336,tr|Q9I8U7|Q9I8U7_DANRE,mylz3,Fast skeletal muscle myosin light polypeptide 3 OS=Danio rerio OX=7955 GN=mylz3 PE=1 SV=1,M.(A)[Acetyl]GEFTADQIEDFKEAFGLFDRVGDSKVAYNQV(ADIMRALGQNPTNKD)[16.0128]VK.K,11300000.0
contractile_cytoskeleton,optic_tectum,proteoform_ID_Teo2.xlsx,342,tr|A0A2R8RJJ2|A0A2R8RJJ2_DANRE,actc2,Zgc:86709 OS=Danio rerio OX=7955 GN=actc2 PE=3 SV=1,Y.NELRVAPEEHPTLLTEAPLNPKAN.R,8240000.0
contractile_cytoskeleton,optic_tectum,proteoform_ID_Teo2.xlsx,344,tr|E9QDI4|E9QDI4_DANRE,tnnt3b,"Troponin T type 3b (skeletal, fast) (Fragment) OS=Danio rerio OX=7955 GN=tnnt3b PE=1 SV=2",M.(S)[Acetyl]DTEDVGVEEYDEEEKPKFKPSAPKIPDGDKVDFDDIQK.K,36285000.0
contractile_cytoskeleton,optic_tectum,proteoform_ID_Teo2.xlsx,345,tr|A0A2R8Q2N5|A0A2R8Q2N5_DANRE,myhz1.2,"Myosin, heavy polypeptide 1.2, skeletal muscle OS=Danio rerio OX=7955 GN=myhz1.2 PE=3 SV=1",K.NLQQEISDLTEQIGETGKSIHELEK.S,12015000.0
contractile_cytoskeleton,optic_tectum,proteoform_ID_Teo2.xlsx,349,tr|A2BGX6|A2BGX6_DANRE,myhc4,Myosin heavy chain 4 OS=Danio rerio OX=7955 GN=myhc4 PE=1 SV=1,K.TVETEKAEIQTALEEAEGTLEHEESK.I,800500.0
contractile_cytoskeleton,optic_tectum,proteoform_ID_Teo2.xlsx,354,tr|Q9I8U7|Q9I8U7_DANRE,mylz3,Fast skeletal muscle myosin light polypeptide 3 OS=Danio rerio OX=7955 GN=mylz3 PE=1 SV=1,K.TVDANQKGTYDDYVEGLRVFDKEGN.G,515500.0
contractile_cytoskeleton,optic_tectum,proteoform_ID_Teo2.xlsx,355,sp|Q7ZVF9|ACTB2_DANRE,actbb,"Actin, cytoplasmic 2 OS=Danio rerio OX=7955 GN=actbb PE=1 SV=2",Y.NELRVAPEEHPVLLTEAPLNPKAN.R,2531000.0
contractile_cytoskeleton,optic_tectum,proteoform_ID_Teo2.xlsx,380,tr|Q9I8U7|Q9I8U7_DANRE,mylz3,Fast skeletal muscle myosin light polypeptide 3 OS=Danio rerio OX=7955 GN=mylz3 PE=1 SV=1,M.(A)[Acetyl]GEFTADQIEDFKEAFGLFDRVGDSKVAYNQVAD(IMRAL)[32.0102]GQNPTNK.D,26490000.0
contractile_cytoskeleton,optic_tectum,proteoform_ID_Teo2.xlsx,392,tr|E9QDI4|E9QDI4_DANRE,tnnt3b,"Troponin T type 3b (skeletal, fast) (Fragment) OS=Danio rerio OX=7955 GN=tnnt3b PE=1 SV=2",M.(S)[Acetyl]DTEDVGVEEYDEEEKPKFKPSAPKIPD.G,324500.0
contractile_cytoskeleton,optic_tectum,proteoform_ID_Teo2.xlsx,449,tr|Q6DHP2|Q6DHP2_DANRE,tnni2b.2,"Troponin I type 2b (skeletal, fast), tandem duplicate 2 OS=Danio rerio OX=7955 GN=tnni2b.2 PE=1 SV=1",K.VAKSDKEIEDLKIKVQDLIGKFKKPAL.K,1834000.0
contractile_cytoskeleton,optic_tectum,proteoform_ID_Teo2.xlsx,450,tr|A0A0R4IKJ0|A0A0R4IKJ0_DANRE,myl10,"Myosin, light chain 10, regulatory OS=Danio rerio OX=7955 GN=myl10 PE=1 SV=1",K.KKEAASSNVFSMFEQSQIQEFK.E,1927500.0
contractile_cytoskeleton,optic_tectum,proteoform_ID_Teo2.xlsx,456,tr|A2BGX6|A2BGX6_DANRE,myhc4,Myosin heavy chain 4 OS=Danio rerio OX=7955 GN=myhc4 PE=1 SV=1,L.RKVQHELEEAEERADISESQVNKLRAK.S,2289000.0
contractile_cytoskeleton,optic_tectum,proteoform_ID_Teo2.xlsx,460,tr|Q9I8U7|Q9I8U7_DANRE,mylz3,Fast skeletal muscle myosin light polypeptide 3 OS=Danio rerio OX=7955 GN=mylz3 PE=1 SV=1,K.TVDANQKGTYDDYVEGLRVFDKEGNGTVMGAELRIVLSTLGEKMSEPEIDAL.M,2574000.0
contractile_cytoskeleton,optic_tectum,proteoform_ID_Teo2.xlsx,464,sp|Q7ZVF9|ACTB2_DANRE,actbb,"Actin, cytoplasmic 2 OS=Danio rerio OX=7955 GN=actbb PE=1 SV=2",G.FAGDDAPRAVFPSIVGRPRHQGVMV.G,2944500.0
contractile_cytoskeleton,optic_tectum,proteoform_ID_Teo2.xlsx,472,tr|A0A0R4IEZ2|A0A0R4IEZ2_DANRE,actc1a,Actin alpha cardiac muscle 1a OS=Danio rerio OX=7955 GN=actc1a PE=1 SV=1,L.KYPIEHGIITNWDDMEKIWHHTFY.N,4116500.0
contractile_cytoskeleton,optic_tectum,proteoform_ID_Teo2.xlsx,473,tr|A0A0R4IEZ2|A0A0R4IEZ2_DANRE,actc1a,Actin alpha cardiac muscle 1a OS=Danio rerio OX=7955 GN=actc1a PE=1 SV=1,L.KY(PIEH)[14.0299]GIITNWDDMEKIWHHTFY.N,4327500.0
contractile_cytoskeleton,optic_tectum,proteoform_ID_Teo2.xlsx,474,tr|Q6DHP2|Q6DHP2_DANRE,tnni2b.2,"Troponin I type 2b (skeletal, fast), tandem duplicate 2 OS=Danio rerio OX=7955 GN=tnni2b.2 PE=1 SV=1",K.SDKEIEDLKIKVQDLIGKFKKPALKK.V,4543000.0
contractile_cytoskeleton,optic_tectum,proteoform_ID_Teo2.xlsx,475,tr|A0A2R8RJJ2|A0A2R8RJJ2_DANRE,actc2,Zgc:86709 OS=Danio rerio OX=7955 GN=actc2 PE=3 SV=1,Y.NELRVAPEEHPTLLTEAPLNPKANREK.M,4554000.0
contractile_cytoskeleton,optic_tectum,proteoform_ID_Teo2.xlsx,481,sp|Q7ZVF9|ACTB2_DANRE,actbb,"Actin, cytoplasmic 2 OS=Danio rerio OX=7955 GN=actbb PE=1 SV=2",K.AGFAGDDAPRAVFPSIVGRPRHQGVMVGMGQK.D,5300000.0
contractile_cytoskeleton,optic_tectum,proteoform_ID_Teo2.xlsx,485,tr|A0A0R4IEZ2|A0A0R4IEZ2_DANRE,actc1a,Actin alpha cardiac muscle 1a OS=Danio rerio OX=7955 GN=actc1a PE=1 SV=1,Y.PIEHGIITNWDDMEKIWHHTFY.N,6225000.0
contractile_cytoskeleton,optic_tectum,proteoform_ID_Teo2.xlsx,486,tr|A0A2R8Q2N5|A0A2R8Q2N5_DANRE,myhz1.2,"Myosin, heavy polypeptide 1.2, skeletal muscle OS=Danio rerio OX=7955 GN=myhz1.2 PE=3 SV=1",R.VRELESEVEAEQRRGADAVKGVR.K,6625000.0
contractile_cytoskeleton,optic_tectum,proteoform_ID_Teo2.xlsx,488,tr|A0A2R8QTL0|A0A2R8QTL0_DANRE,mylpfa,"Myosin light chain, phosphorylatable, fast skeletal muscle a OS=Danio rerio OX=7955 GN=mylpfa PE=1 SV=1",K.RRAAGGEGSSNVFS(M)[16.0021]FEQSQIQEYK.E,7755000.0
contractile_cytoskeleton,optic_tectum,proteoform_ID_Teo2.xlsx,489,tr|A2BGX6|A2BGX6_DANRE,myhc4,Myosin heavy chain 4 OS=Danio rerio OX=7955 GN=myhc4 PE=1 SV=1,R.VKELTYQTEEDKKNINRLQDLVDKLQLKVK.A,7980000.0
contractile_cytoskeleton,optic_tectum,proteoform_ID_Teo2.xlsx,504,tr|A0A1D5NS25|A0A1D5NS25_DANRE,tnnt3b,"Troponin T type 3b (skeletal, fast) (Fragment) OS=Danio rerio OX=7955 GN=tnnt3b PE=1 SV=1",R.RKPLNIDHMNEDKLREKAKELWDWLYSLEAEKFEHMEKLK.R,20695000.0
contractile_cytoskeleton,optic_tectum,proteoform_ID_Teo2.xlsx,505,tr|E9QG51|E9QG51_DANRE,mylpfb,"Myosin light chain, phosphorylatable, fast skeletal muscle b (Fragment) OS=Danio rerio OX=7955 GN=mylpfb PE=1 SV=1",.(M)[87.0377]FEQSQIQEYK.E,21150000.0
contractile_cytoskeleton,optic_tectum,proteoform_ID_Teo2.xlsx,508,tr|A2BGX6|A2BGX6_DANRE,myhc4,Myosin heavy chain 4 OS=Danio rerio OX=7955 GN=myhc4 PE=1 SV=1,R.VKELTYQTEEDKKNINRLQDLVDKLQLKVKAYKRQSEEAEEQANSHLSK.L,24540000.0
contractile_cytoskeleton,optic_tectum,proteoform_ID_Teo2.xlsx,516,tr|Q6P0T7|Q6P0T7_DANRE,tnnt3b,Tnnt3b protein OS=Danio rerio OX=7955 GN=tnnt3b PE=1 SV=1,M.(S)[Acetyl]DTEDVGVEEEKPKFKPSAPKIPDGDKVDFDDIQKKRQNKDLVELQALIDAHFEHRKKEEEELIALKDRIEKR.R,43430000.0
contractile_cytoskeleton,optic_tectum,proteoform_ID_Teo2.xlsx,524,tr|A0A2R8RJJ2|A0A2R8RJJ2_DANRE,actc2,Zgc:86709 OS=Danio rerio OX=7955 GN=actc2 PE=3 SV=1,K.RGILTLKYP(IEH)[14.0379]GIITNWDDMEKIWHHTFYNELRVAPEEHPTLLTEAPLNPK.A,66750000.0
contractile_cytoskeleton,optic_tectum,proteoform_ID_Teo2.xlsx,525,tr|A0A0R4IEZ2|A0A0R4IEZ2_DANRE,actc1a,Actin alpha cardiac muscle 1a OS=Danio rerio OX=7955 GN=actc1a PE=1 SV=1,K.RGILTLKYPIEHGIITNWDDMEKIWHHTFY.N,66900000.0
neuronal_synaptic,telencephalon,Proteoform_ID_Tel2.xlsx,9,sp|A2BGU8|SEPT3_DANRE,septin3,Neuronal-specific septin-3 OS=Danio rerio OX=7955 GN=septin3 PE=2 SV=1,M.(S)[Acetyl]EIVPPEVRPKPAVPAKPSHVAPPSS.A,3138000.0
neuronal_synaptic,telencephalon,Proteoform_ID_Tel2.xlsx,11,tr|Q568R9|Q568R9_DANRE,sncga,Gamma1b-synuclein OS=Danio rerio OX=7955 GN=sncga PE=1 SV=1,E.TMVASAGLVKPGVVKHEEQPADAGQ.,4007500.0
neuronal_synaptic,telencephalon,Proteoform_ID_Tel2.xlsx,42,tr|Q7SZZ5|Q7SZZ5_DANRE,vamp2,Vesicle-associated membrane protein 2 OS=Danio rerio OX=7955 GN=vamp2 PE=1 SV=1,M.(S)[Acetyl]APAGAPAPEGGNQAPPNLTSNRRLQQTQAQVDEVVDIMRVNVDKVLERDQKLSELDDRADAL.Q,4923500.0
neuronal_synaptic,telencephalon,Proteoform_ID_Tel2.xlsx,43,tr|Q6P2B0|Q6P2B0_DANRE,vapb,VAMP (vesicle-associated membrane protein)-associated protein B and C OS=Danio rerio OX=7955 GN=vapb PE=1 SV=1,M.(A)[Acetyl]RPEQVLLLEPQHELRFRGPFTDVVTT.T,6216500.0
neuronal_synaptic,telencephalon,Proteoform_ID_Tel2.xlsx,47,tr|F1QTD1|F1QTD1_DANRE,penkb,Synenkephalin (Fragment) OS=Danio rerio OX=7955 GN=penkb PE=3 SV=1,R.GGLYDLESGVRELQ.K,4832000.0
neuronal_synaptic,telencephalon,Proteoform_ID_Tel2.xlsx,61,sp|Q9I8P3|NPY_DANRE,npy,Pro-neuropeptide Y OS=Danio rerio OX=7955 GN=npy PE=3 SV=1,R.SSADTLISDLLIGETESRPQTRYEDHLAW.,8638000.0
neuronal_synaptic,telencephalon,Proteoform_ID_Tel2.xlsx,65,tr|F6NQC4|F6NQC4_DANRE,nrgna,"Neurogranin (protein kinase C substrate, RC3) a OS=Danio rerio OX=7955 GN=nrgna PE=4 SV=1",.(MDCRNEGCS)[40.0024]QPQDEDIMDIPLDDPAANKAAAKIQAGFRGHM.T,11218500.0
neuronal_synaptic,telencephalon,Proteoform_ID_Tel2.xlsx,83,tr|F6NQC4|F6NQC4_DANRE,nrgna,"Neurogranin (protein kinase C substrate, RC3) a OS=Danio rerio OX=7955 GN=nrgna PE=4 SV=1",.(MDCRNEGC)[40.0022]SQPQDEDIMDIPLDDPAANKAAAKIQAGFRGHMTR.K,15145000.0
neuronal_synaptic,telencephalon,Proteoform_ID_Tel2.xlsx,101,tr|A0A2R8RP85|A0A2R8RP85_DANRE,sncgb,"Synuclein, gamma b (breast cancer-specific protein 1) OS=Danio rerio OX=7955 GN=sncgb PE=1 SV=1",.(M)[Acetyl]DVLMKGFSMAKEGVVAAAEKTKAGVEEAALKTKEGVMYVGNKTKEGMVSGVNTVVQKTTDQANIVGETAVGGANVAGQNTVEGLENVAAST.G,36870000.0
neuronal_synaptic,telencephalon,Proteoform_ID_Tel2.xlsx,139,tr|F6NQC4|F6NQC4_DANRE,nrgna,"Neurogranin (protein kinase C substrate, RC3) a OS=Danio rerio OX=7955 GN=nrgna PE=4 SV=1",.(MDCRNEGC)[39.9978]SQPQDEDIMDIPLDDPAANKAAAKIQAGFRGHMTRKKMKDDKPREEKQREPK.,312600000.0
neuronal_synaptic,telencephalon,Proteoform_ID_Tel2.xlsx,142,tr|Q7SX92|Q7SX92_DANRE,sncb,Beta-synuclein OS=Danio rerio OX=7955 GN=sncb PE=1 SV=1,.(M)[Acetyl]DVFMKGLSKAKEGMAVAAEKTKEGVAVAAEKTKEGVMFVGSKTKDSVATVAEKTKEQASQLGGAVMSGAGNIAAATGLVKKDEFPSDMNPEFGQEATEEPGEGLMDPEGQTYDDNQQ(ESQDYEPEA)[17.1449].,280050000.0
neuronal_synaptic,telencephalon,Proteoform_ID_Tel2.xlsx,146,tr|Q568R9|Q568R9_DANRE,sncga,Gamma1b-synuclein OS=Danio rerio OX=7955 GN=sncga PE=1 SV=1,.(M)[Acetyl]DALKKGFSIAKEGVVAAAEKTKAGVEEAAAKTKEGVMYVGTKTKEGVATSVNTVAQKTTDQANLMSDTAVAGANEVSEKAVEGLETMVASAGLVKPGVVKHEEQPADAGQ.,322350000.0
neuronal_synaptic,telencephalon,Proteoform_ID_Tel2.xlsx,177,sp|Q9I8P2|PYYA_DANRE,pyya,Peptide YY-A OS=Danio rerio OX=7955 GN=pyya PE=2 SV=1,A.YPPKPENPGDDAA(PEELAKYYTALRHYINLITRQR)[162.0975].Y,877000.0
neuronal_synaptic,telencephalon,Proteoform_ID_Tel2.xlsx,184,tr|Q7SX92|Q7SX92_DANRE,sncb,Beta-synuclein OS=Danio rerio OX=7955 GN=sncb PE=1 SV=1,.(M)[Acetyl]DVFMKGLSKAKEGMAVAAEKTKEGVAVAAEKTKEGVMFVGSKTKDSVATVAEKTKEQASQLGGAVMSGAGNIAAAT.G,5140000.0
neuronal_synaptic,telencephalon,Proteoform_ID_Tel2.xlsx,188,tr|F6NQC4|F6NQC4_DANRE,nrgna,"Neurogranin (protein kinase C substrate, RC3) a OS=Danio rerio OX=7955 GN=nrgna PE=4 SV=1",.(M)[Acetyl]DCRNEGCSQPQDEDIMDIPLDDPAANKAAAKIQAGFRGHMTRK.K,610000.0
neuronal_synaptic,telencephalon,Proteoform_ID_Tel2.xlsx,199,tr|Q7SX92|Q7SX92_DANRE,sncb,Beta-synuclein OS=Danio rerio OX=7955 GN=sncb PE=1 SV=1,.(M)[Acetyl]DVFMKGLSKAKEGMAVAAEKTKEGVAVAAEKTKEGVMFVGSKTKDSVATVAEKTKEQASQLGGAVMSGAGNIAAATGLVKKDEFPSDMNPEFGQEATEEPGEGLMDPEGQTYDDNQQESQDYEPEA.,811500000.0
neuronal_synaptic,telencephalon,Proteoform_ID_Tel2.xlsx,203,tr|A0A2R8RP85|A0A2R8RP85_DANRE,sncgb,"Synuclein, gamma b (breast cancer-specific protein 1) OS=Danio rerio OX=7955 GN=sncgb PE=1 SV=1",.(M)[Acetyl]DVLMKGFSMAKEGVVAAAEKTKAGVEEAALKTKEGVMYVGNKTKEGMVSGVNTVVQKTTDQANIVGETAVG(GANVAGQNTVEGLENV)[17.4057]AASTGMVNPGDFSHGGMEGGEGGEG.Y,22565000.0
neuronal_synaptic,telencephalon,Proteoform_ID_Tel2.xlsx,204,tr|A0A2R8RP85|A0A2R8RP85_DANRE,sncgb,"Synuclein, gamma b (breast cancer-specific protein 1) OS=Danio rerio OX=7955 GN=sncgb PE=1 SV=1",.(M)[Acetyl]DVLMKGFSMAKEGVVAAAEKTKAGVEEAALKTKEGVMYVGNKTKEGMVSGVNTVVQKTTDQANIVGETAVGGANVAGQNTVEGLENV(A)[19.3502]ASTGMVNPGDFSHGGMEGGEGGEGY.,134000000.0
neuronal_synaptic,telencephalon,Proteoform_ID_Tel2.xlsx,205,tr|A0A2R8RP85|A0A2R8RP85_DANRE,sncgb,"Synuclein, gamma b (breast cancer-specific protein 1) OS=Danio rerio OX=7955 GN=sncgb PE=1 SV=1",.(M)[Acetyl]DVLMKGFSMAKEGVVAAAEKTKAGVEEAALKTKEGVMYVGNKTKEGMVSGVNTVVQKTTDQANIVGETAVGGANVAGQNTVEGLENVAASTGMVNPGDFSHGGMEGGEGGEG.Y,112600000.0
neuronal_synaptic,telencephalon,Proteoform_ID_Tel2.xlsx,206,tr|A0A2R8RP85|A0A2R8RP85_DANRE,sncgb,"Synuclein, gamma b (breast cancer-specific protein 1) OS=Danio rerio OX=7955 GN=sncgb PE=1 SV=1",.(M)[Acetyl]DVLMKGFSMAKEGVVAAAEKTKAGVEEAALKTKEGVMYVGNKTKEGMVSGVNTVVQKTTDQANIVGETAVGGANVAGQNTVEGLE(NV)[4.3885]AASTGMVNPGDFSHGGMEGGEGGEGY.,311950.0
neuronal_synaptic,telencephalon,Proteoform_ID_Tel2.xlsx,220,tr|Q7SZZ5|Q7SZZ5_DANRE,vamp2,Vesicle-associated membrane protein 2 OS=Danio rerio OX=7955 GN=vamp2 PE=1 SV=1,M.(S)[Acetyl]APAGAPAPEGGNQAPPNLTSNRRLQQTQAQVDEVVDIMRVNVDKVLERDQKLSELDDRADALQAGAS.Q,681500.0
neuronal_synaptic,telencephalon,Proteoform_ID_Tel2.xlsx,229,tr|F6NQC4|F6NQC4_DANRE,nrgna,"Neurogranin (protein kinase C substrate, RC3) a OS=Danio rerio OX=7955 GN=nrgna PE=4 SV=1",M.TRKKMKDDKPREEKQREPK.,1234000.0
neuronal_synaptic,telencephalon,Proteoform_ID_Tel2.xlsx,231,sp|Q8JFV8|VAT1_DANRE,vat1,Synaptic vesicle membrane protein VAT-1 homolog OS=Danio rerio OX=7955 GN=vat1 PE=2 SV=1,T.TEPMKEEEKKEEAKKDEEKKDDKKKDDKKKDDKKKEDKKKDEAKKEEKKDEKKKEEAKKDDKKAEEKKEEVKKEEN.,1252500.0
neuronal_synaptic,telencephalon,Proteoform_ID_Tel2.xlsx,236,tr|F6NQC4|F6NQC4_DANRE,nrgna,"Neurogranin (protein kinase C substrate, RC3) a OS=Danio rerio OX=7955 GN=nrgna PE=4 SV=1",.(MDCRNEGC)[40.0004]SQPQDEDIMDIPLDDPAANKAAAKIQAGFRGHMT.R,1492500.0
neuronal_synaptic,telencephalon,Proteoform_ID_Tel2.xlsx,248,sp|Q8JFV8|VAT1_DANRE,vat1,Synaptic vesicle membrane protein VAT-1 homolog OS=Danio rerio OX=7955 GN=vat1 PE=2 SV=1,M.SGEDAPAQQQNAEEQKQQETKTPAESPKTESKPDPPPTSASTEAAATAA.A,2842000.0
neuronal_synaptic,telencephalon,Proteoform_ID_Tel2.xlsx,258,tr|A0A2R8RP85|A0A2R8RP85_DANRE,sncgb,"Synuclein, gamma b (breast cancer-specific protein 1) OS=Danio rerio OX=7955 GN=sncgb PE=1 SV=1",.(M)[Acetyl]DVLMKGFSMAKEGVVAAAEKTKAGVEEAALKTKEGVMYVGNKTKEGMVSGVNTVVQKTTDQANIVGETAVGGANVAGQNTVE(GLENV)[75.4434]AASTGMVNPGDFSHGGMEGGEGGEGY.,4865500.0
neuronal_synaptic,telencephalon,Proteoform_ID_Tel2.xlsx,298,tr|A0A2R8RP85|A0A2R8RP85_DANRE,sncgb,"Synuclein, gamma b (breast cancer-specific protein 1) OS=Danio rerio OX=7955 GN=sncgb PE=1 SV=1",.(M)[Acetyl]DVLMKGFSMAKEGVVAAAEKTKAGVEEAALKTKEGVMYVGNKTKEGMVSGVNTVVQKTTDQANIVGETAVGGANVAGQNTVEGLENVAAS(T)[35.3536]GMVNPGDFSHGGMEGGEGGEGY.,55950000.0
neuronal_synaptic,telencephalon,Proteoform_ID_Tel2.xlsx,300,tr|Q568R9|Q568R9_DANRE,sncga,Gamma1b-synuclein OS=Danio rerio OX=7955 GN=sncga PE=1 SV=1,.(M)[Acetyl]DALKKGFSIAKEGVVAAAEKTKAGVEEAAAKTKEGVMYVGTKTKEGVATSVNTVAQKTTDQANL(M)[-1.6209]SDTAVAGANEVSEKAVEGLETMVASAGLVKPGVVKHEEQPADAGQ.,66450000.0
neuronal_synaptic,telencephalon,Proteoform_ID_Tel2.xlsx,310,tr|A0A2R8RP85|A0A2R8RP85_DANRE,sncgb,"Synuclein, gamma b (breast cancer-specific protein 1) OS=Danio rerio OX=7955 GN=sncgb PE=1 SV=1",.(M)[Acetyl]DVLMKGFSMAKEGVVAAAEKTKAGVEEAALKTKEGVMYVGNKTKEGMVSGVNTVVQKTTDQANIVGETAVGGANV(AGQNTVEGLENVAASTGMV)[9.7371]NPGDFSHGGMEGGEGGEGY.,1533000000.0
neuronal_synaptic,optic_tectum,proteoform_ID_Teo2.xlsx,7,sp|Q8JFV8|VAT1_DANRE,vat1,Synaptic vesicle membrane protein VAT-1 homolog OS=Danio rerio OX=7955 GN=vat1 PE=2 SV=1,K.KDEKKKEEAKKDDKKAEEKKEEVKKEEN.,2492000.0
neuronal_synaptic,optic_tectum,proteoform_ID_Teo2.xlsx,14,sp|Q8JFV8|VAT1_DANRE,vat1,Synaptic vesicle membrane protein VAT-1 homolog OS=Danio rerio OX=7955 GN=vat1 PE=2 SV=1,K.KKEEAKKDDKKAEEKKEEVKKEEN.,4214000.0
neuronal_synaptic,optic_tectum,proteoform_ID_Teo2.xlsx,32,tr|A0A2R8RP85|A0A2R8RP85_DANRE,sncgb,"Synuclein, gamma b (breast cancer-specific protein 1) OS=Danio rerio OX=7955 GN=sncgb PE=1 SV=1",F.SMAKEGVVAAAEKTKAGVEEAALKTK.E,11320000.0
neuronal_synaptic,optic_tectum,proteoform_ID_Teo2.xlsx,33,tr|A0A2R8RP85|A0A2R8RP85_DANRE,sncgb,"Synuclein, gamma b (breast cancer-specific protein 1) OS=Danio rerio OX=7955 GN=sncgb PE=1 SV=1",K.GFSMAKEGVVAAAEKTKAGVEEAALK.T,11070000.0
neuronal_synaptic,optic_tectum,proteoform_ID_Teo2.xlsx,70,tr|A0A0R4IJU5|A0A0R4IJU5_DANRE,syn2b,Synapsin IIb OS=Danio rerio OX=7955 GN=syn2b PE=1 SV=1,K.ESLPEPIKTPGQRPPPQGGAVKPQEPQPK.S,36795000.0
neuronal_synaptic,optic_tectum,proteoform_ID_Teo2.xlsx,94,sp|Q8JFV8|VAT1_DANRE,vat1,Synaptic vesicle membrane protein VAT-1 homolog OS=Danio rerio OX=7955 GN=vat1 PE=2 SV=1,K.KKDEAKKEEKKDEKKKEEAKKDDKKAEEKKEEVKKEEN.,39000000.0
neuronal_synaptic,optic_tectum,proteoform_ID_Teo2.xlsx,180,sp|Q8JFV8|VAT1_DANRE,vat1,Synaptic vesicle membrane protein VAT-1 homolog OS=Danio rerio OX=7955 GN=vat1 PE=2 SV=1,K.KKDDKKKEDKKKDEAKKEEKKDEKKKEEAKKDDKKAEEKKEEVKKEEN.,2012500.0
neuronal_synaptic,optic_tectum,proteoform_ID_Teo2.xlsx,182,sp|Q8JFV8|VAT1_DANRE,vat1,Synaptic vesicle membrane protein VAT-1 homolog OS=Danio rerio OX=7955 GN=vat1 PE=2 SV=1,K.KKEDKKKDEAKKEEKKDEKKKEEAKKDDKKAEEKKEEVKKEEN.,3305500.0
neuronal_synaptic,optic_tectum,proteoform_ID_Teo2.xlsx,186,sp|Q8JFV8|VAT1_DANRE,vat1,Synaptic vesicle membrane protein VAT-1 homolog OS=Danio rerio OX=7955 GN=vat1 PE=2 SV=1,D.EKKKEEAKKDDKKAEEKKEEVKKEEN.,889500.0
neuronal_synaptic,optic_tectum,proteoform_ID_Teo2.xlsx,405,sp|Q8JFV8|VAT1_DANRE,vat1,Synaptic vesicle membrane protein VAT-1 homolog OS=Danio rerio OX=7955 GN=vat1 PE=2 SV=1,N.AEEQKQQETKTPAESPKTESKPDPPPTSASTEAAATAAAAADTPAPA.A,811000.0
neuronal_synaptic,optic_tectum,proteoform_ID_Teo2.xlsx,420,tr|B0UXI4|B0UXI4_DANRE,syn1,Synapsin I OS=Danio rerio OX=7955 GN=syn1 PE=1 SV=1,R.SQGPAVSPQPISQSRVPQAQQRPPPQGGPQQAAASTAATR.Q,53650.0
neuronal_synaptic,optic_tectum,proteoform_ID_Teo2.xlsx,421,tr|A0A0R4IJU5|A0A0R4IJU5_DANRE,syn2b,Synapsin IIb OS=Danio rerio OX=7955 GN=syn2b PE=1 SV=1,F.SSITNVVKQTAASAGLVEQSPATASR.K,126250.0
neuronal_synaptic,optic_tectum,proteoform_ID_Teo2.xlsx,423,tr|B0UXI4|B0UXI4_DANRE,syn1,Synapsin I OS=Danio rerio OX=7955 GN=syn1 PE=1 SV=1,K.MNETVPRTSAPTTVRSQGPAVSPQPISQSRVPQAQQRPPPQGGPQQAAASTAATR.Q,174500.0
neuronal_synaptic,optic_tectum,proteoform_ID_Teo2.xlsx,457,tr|B0UXI4|B0UXI4_DANRE,syn1,Synapsin I OS=Danio rerio OX=7955 GN=syn1 PE=1 SV=1,F.SSISNAVKQTTAAAAATFNEATERGIGSGNAK.I,2311500.0
neuronal_synaptic,optic_tectum,proteoform_ID_Teo2.xlsx,462,tr|A0A2R8Q859|A0A2R8Q859_DANRE,snap91a,ENTH domain-containing protein OS=Danio rerio OX=7955 GN=snap91a PE=3 SV=1,M.GQ(PMMRPQFTGPSATGT)[28.0491]PGAPLSPGPAAQSPKKPPSKDPLADLNIKDFL.,2787500.0
glial_myelin,telencephalon,Proteoform_ID_Tel2.xlsx,5,tr|Q8UUT3|Q8UUT3_DANRE,plp1b,DMalpha2b OS=Danio rerio OX=7955 GN=plp1b PE=1 SV=1,M.(A)[Acetyl]ASAVDWLGQLPQRLRGVDVKSSNLR.R,1632500.0
glial_myelin,telencephalon,Proteoform_ID_Tel2.xlsx,7,tr|F8W3B3|F8W3B3_DANRE,mbpa,Myelin basic protein OS=Danio rerio OX=7955 GN=mbpa PE=1 SV=1,M.(A)[Acetyl]TASTSG(QN)[0.9983]PFGLGRKKKAPGVLDQISR.F,1774000.0
glial_myelin,telencephalon,Proteoform_ID_Tel2.xlsx,18,tr|A0A2R8QN30|A0A2R8QN30_DANRE,mpz,Myelin protein zero OS=Danio rerio OX=7955 GN=mpz PE=1 SV=1,K.KGKGKEGSQQKQASAVTDPAKLKAAASEKKKQESRREKK.,2574000.0
glial_myelin,telencephalon,Proteoform_ID_Tel2.xlsx,24,tr|A0A2R8QN30|A0A2R8QN30_DANRE,mpz,Myelin protein zero OS=Danio rerio OX=7955 GN=mpz PE=1 SV=1,G.KGKEGSQQKQASAVTDPAKLKAAASEKKKQESRREKK.,3344500.0
glial_myelin,telencephalon,Proteoform_ID_Tel2.xlsx,25,tr|E7F0U0|E7F0U0_DANRE,mbpa,Myelin basic protein OS=Danio rerio OX=7955 GN=mbpa PE=1 SV=2,M.(A)[Acetyl]TASTSGQNPFGLGRKKKAPGVLDQISRFF.G,24820000.0
glial_myelin,telencephalon,Proteoform_ID_Tel2.xlsx,35,tr|E7F0U0|E7F0U0_DANRE,mbpa,Myelin basic protein OS=Danio rerio OX=7955 GN=mbpa PE=1 SV=2,M.(A)[Acetyl]TASTSGQNPFGLGRKKKAPGVLDQI.S,7270000.0
glial_myelin,telencephalon,Proteoform_ID_Tel2.xlsx,46,tr|F8W3R0|F8W3R0_DANRE,mbpb,Myelin basic protein OS=Danio rerio OX=7955 GN=mbpb PE=1 SV=1,M.(A)[Acetyl]SASSSQ(STFRLGRTK)[0.9951]KNPTVMDQIGK.F,8754000.0
glial_myelin,telencephalon,Proteoform_ID_Tel2.xlsx,53,tr|E7F0U0|E7F0U0_DANRE,mbpa,Myelin basic protein OS=Danio rerio OX=7955 GN=mbpa PE=1 SV=2,K.KKAPGVLDQISRFFGGDKKRKGKGSFRGHLSSSPQRPHHSSTRRRGDVNPVVHFFRSFVSSPRPKSRGESRSRSPPKRWSTIF.,7168000.0
glial_myelin,telencephalon,Proteoform_ID_Tel2.xlsx,60,tr|E7F0U0|E7F0U0_DANRE,mbpa,Myelin basic protein OS=Danio rerio OX=7955 GN=mbpa PE=1 SV=2,M.(A)[Acetyl]TASTSGQNPFGLGRKKKAPGVLDQISRFFGGDKK.R,3847350.0
glial_myelin,telencephalon,Proteoform_ID_Tel2.xlsx,63,tr|Q5I2C7|Q5I2C7_DANRE,mbpa,Myelin basic protein OS=Danio rerio OX=7955 GN=mbpa PE=1 SV=1,M.(A)[Acetyl]TASTSGQNPFGLGRKKKAPGVLDQISRFFGGDKKRKGKRPHHSSTRRRGDVNPVVHFFRSFVSSPRPKSRGESRSRSPPKRWSTIF.,19608500.0
glial_myelin,telencephalon,Proteoform_ID_Tel2.xlsx,68,tr|F8W3V8|F8W3V8_DANRE,mbpa,Myelin basic protein OS=Danio rerio OX=7955 GN=mbpa PE=1 SV=1,K.SRWRELLGLGESRSRSPPKRWSTIF.,10474000.0
glial_myelin,telencephalon,Proteoform_ID_Tel2.xlsx,71,tr|E7F0U0|E7F0U0_DANRE,mbpa,Myelin basic protein OS=Danio rerio OX=7955 GN=mbpa PE=1 SV=2,M.(A)[Acetyl]TASTSGQNPFGLGRKKKAPGVLDQISR.F,16024000.0
glial_myelin,telencephalon,Proteoform_ID_Tel2.xlsx,75,tr|E7F0U0|E7F0U0_DANRE,mbpa,Myelin basic protein OS=Danio rerio OX=7955 GN=mbpa PE=1 SV=2,M.(A)[Acetyl]TASTSGQNPFGLGRKKKAPGVLDQISRF.F,21860000.0
glial_myelin,telencephalon,Proteoform_ID_Tel2.xlsx,78,tr|F8W3W8|F8W3W8_DANRE,mbpa,Myelin basic protein OS=Danio rerio OX=7955 GN=mbpa PE=1 SV=1,M.(A)[Acetyl]TASTSGQNPFGLGRKKKAPGVLDQISRFFGGDKKRKGKRPHHSSTRRRGDVNPVVHFFRSFVSSPRPKSRWRELLGLGESRSRSPPKRWSTIF.,30130000.0
glial_myelin,telencephalon,Proteoform_ID_Tel2.xlsx,86,tr|E7F0U0|E7F0U0_DANRE,mbpa,Myelin basic protein OS=Danio rerio OX=7955 GN=mbpa PE=1 SV=2,M.(A)[Acetyl]TASTSGQNPFGLGRKKKAPGVLDQISRFFGGDKKR.K,24825000.0
glial_myelin,telencephalon,Proteoform_ID_Tel2.xlsx,98,tr|E7F0U0|E7F0U0_DANRE,mbpa,Myelin basic protein OS=Danio rerio OX=7955 GN=mbpa PE=1 SV=2,M.(A)[Acetyl]TASTSGQNPFGLGRKKKAPGVLDQISRFF.G,34575000.0
glial_myelin,telencephalon,Proteoform_ID_Tel2.xlsx,104,tr|E7F0U0|E7F0U0_DANRE,mbpa,Myelin basic protein OS=Danio rerio OX=7955 GN=mbpa PE=1 SV=2,M.(A)[Acetyl]TASTSGQNPFGLGRKKKAPGVLDQISRFFGGDKKRKGKGSFRGHLSSSPQRPHHSSTRRRGDVNPVVHFFRSFVSSPRPKSRGESRSRSPPKRWSTIF.,86510000.0
glial_myelin,telencephalon,Proteoform_ID_Tel2.xlsx,115,tr|F8W3V8|F8W3V8_DANRE,mbpa,Myelin basic protein OS=Danio rerio OX=7955 GN=mbpa PE=1 SV=1,M.(A)[Acetyl]TASTSGQNPFGLGRKKKAPGVLDQISRFFGGDKKRKGKGSFRGHLSSSPQRPHHSSTRRRGDVNPVVHFFRSFVSSPRPKSRWRELLGLGESRSRSPPKRWSTIF.,105850000.0
glial_myelin,telencephalon,Proteoform_ID_Tel2.xlsx,158,tr|E7F0U0|E7F0U0_DANRE,mbpa,Myelin basic protein OS=Danio rerio OX=7955 GN=mbpa PE=1 SV=2,R.KKKAPGVLDQISRFFGGDKKRKGKGSFRGHLSSSPQRPHHSSTRRRGDVNPVVHFFRSFVSSPRPKSRGESRSRSPPKRWSTIF.,16950000.0
glial_myelin,telencephalon,Proteoform_ID_Tel2.xlsx,202,tr|F8W3R0|F8W3R0_DANRE,mbpb,Myelin basic protein OS=Danio rerio OX=7955 GN=mbpb PE=1 SV=1,M.(A)[Acetyl]SASSSQ(STFRLGRTKKN)[0.9958]PTVMDQIGKFF.G,3543500.0
glial_myelin,telencephalon,Proteoform_ID_Tel2.xlsx,222,tr|I3ITP3|I3ITP3_DANRE,mbpa,Myelin basic protein OS=Danio rerio OX=7955 GN=mbpa PE=1 SV=1,M.(A)[Acetyl]TASTS(GQNPFGLGRKKKAPGVLDQI)[0.9983]SRFF.G,737000.0
glial_myelin,telencephalon,Proteoform_ID_Tel2.xlsx,227,tr|A0A2R8QN30|A0A2R8QN30_DANRE,mpz,Myelin protein zero OS=Danio rerio OX=7955 GN=mpz PE=1 SV=1,H.GKKGKGKEGSQQKQASAVTDPAKLKAAASEKKKQESRREKK.,1081500.0
glial_myelin,telencephalon,Proteoform_ID_Tel2.xlsx,242,tr|A0A2R8QN30|A0A2R8QN30_DANRE,mpz,Myelin protein zero OS=Danio rerio OX=7955 GN=mpz PE=1 SV=1,K.GKEGSQQKQASAVTDPAKLKAAASEKKKQESRREKK.,2028500.0
glial_myelin,telencephalon,Proteoform_ID_Tel2.xlsx,244,tr|F8W3R0|F8W3R0_DANRE,mbpb,Myelin basic protein OS=Danio rerio OX=7955 GN=mbpb PE=1 SV=1,R.TKKNPTVMDQIGKFFGGEKKKK.G,2092000.0
glial_myelin,telencephalon,Proteoform_ID_Tel2.xlsx,247,tr|F8W3W8|F8W3W8_DANRE,mbpa,Myelin basic protein OS=Danio rerio OX=7955 GN=mbpa PE=1 SV=1,R.KKKAPGVLDQISRFFGGDKKRKGKRPHHSSTRRRGDVNPVVHFFRSFVSSPRPKSRWRELLGLGESRSRSPPKRWSTIF.,2585500.0
glial_myelin,telencephalon,Proteoform_ID_Tel2.xlsx,269,tr|F8W4C1|F8W4C1_DANRE,mbpb,Myelin basic protein OS=Danio rerio OX=7955 GN=mbpb PE=1 SV=1,M.(A)[Acetyl]SASS(S)[0.9978]QSTFRLGRTKKNPTVMDQIGKFF.G,8820000.0
glial_myelin,telencephalon,Proteoform_ID_Tel2.xlsx,270,tr|F8W3V8|F8W3V8_DANRE,mbpa,Myelin basic protein OS=Danio rerio OX=7955 GN=mbpa PE=1 SV=1,R.KKKAPGVLDQISRFFGGDKKRKGKGSFRGHLSSSPQRPHHSSTRRRGDVNPVVHFFRSFVSSPRPKSRWRELLGLGESRSRSPPKRWSTIF.,8920000.0
glial_myelin,telencephalon,Proteoform_ID_Tel2.xlsx,279,tr|Q5I2C7|Q5I2C7_DANRE,mbpa,Myelin basic protein OS=Danio rerio OX=7955 GN=mbpa PE=1 SV=1,M.(A)[Acetyl](TAST)[-246.0899]SGQNPFGLGRKKKAPGVLDQISRFFGGDKKRKGKRPHHSSTRRRGDVNPVVHFFRSFVSSPRPKSRGESRSRSPPKRWSTIF.,14310000.0
glial_myelin,optic_tectum,proteoform_ID_Teo2.xlsx,62,tr|F8W4L9|F8W4L9_DANRE,fabp7a,"Fatty acid-binding protein 7, brain, a (Fragment) OS=Danio rerio OX=7955 GN=fabp7a PE=1 SV=1",K.STVSLEGDNLVQVQRWDGKETKFVREIKDGKMVMTLTFEGVQAVRTYEKA.,25930000.0
glial_myelin,optic_tectum,proteoform_ID_Teo2.xlsx,73,sp|Q58EE9|GFAP_DANRE,gfap,Glial fibrillary acidic protein OS=Danio rerio OX=7955 GN=gfap PE=1 SV=2,R.SIVVRTVETRDGEIIKESTTERKDLP.,22565000.0
glial_myelin,optic_tectum,proteoform_ID_Teo2.xlsx,85,tr|F8W4C1|F8W4C1_DANRE,mbpb,Myelin basic protein OS=Danio rerio OX=7955 GN=mbpb PE=1 SV=1,R.RRPDENAVMHFLRTIVSPSTPK.S,33930000.0
glial_myelin,optic_tectum,proteoform_ID_Teo2.xlsx,232,tr|Q9I8N9|Q9I8N9_DANRE,fabp7a,Brain-type fatty acid-binding protein OS=Danio rerio OX=7955 GN=fabp7a PE=1 SV=1,M.(V)[Acetyl]DAFCATWKLVDSQNFDEYMKSLGVGFATRQVGNVTKPTIVISHEGDKVVIKTLSTFKNTEISFKLGEEFDETTADDRHVKSTVSLEGDNLVQVQRWDGKETKFVREIKDGKMVMTLTFEGVQAVRTYEKA.,144850000.0
glial_myelin,optic_tectum,proteoform_ID_Teo2.xlsx,270,tr|E7F0U0|E7F0U0_DANRE,mbpa,Myelin basic protein OS=Danio rerio OX=7955 GN=mbpa PE=1 SV=2,L.SSS(PQRPHHSSTRR)[2.9673]RGDVNPVVHFF.R,12530000.0
glial_myelin,optic_tectum,proteoform_ID_Teo2.xlsx,300,tr|Q6DGT8|Q6DGT8_DANRE,s100b,Protein S100-B OS=Danio rerio OX=7955 GN=s100b PE=1 SV=1,K.KSELKELLTHEFPTLTEQVKDQATMDSL(ME)[232.5087]SLD.T,6045000.0
glial_myelin,optic_tectum,proteoform_ID_Teo2.xlsx,459,tr|E7F0U0|E7F0U0_DANRE,mbpa,Myelin basic protein OS=Danio rerio OX=7955 GN=mbpa PE=1 SV=2,S.SPQ(RPHHSSTRRR)[4.0335]GDVNPVVHFF.R,2549500.0
translation_housekeeping,telencephalon,Proteoform_ID_Tel2.xlsx,45,tr|A8WHV7|A8WHV7_DANRE,mrps36,Mitochondrial ribosomal protein S36 OS=Danio rerio OX=7955 GN=mrps36 PE=1 SV=1,A.SLPQLSQSTAPSAASVSPPPRPPGPASRLPGTPDSIAVVRELPQRY.R,2817300.0
translation_housekeeping,telencephalon,Proteoform_ID_Tel2.xlsx,207,tr|Q6PBJ9|Q6PBJ9_DANRE,rplp2,60S acidic ribosomal protein P2 OS=Danio rerio OX=7955 GN=rplp2 PE=1 SV=1,.MRYVAAYLLAVLGGNTNPSAKDIKNILGSVGIEADDERLNKVVSELNGKDINEVMNAGLSKLASVPAGGAVAVS(TASAGGGGGAPAEAPAAEEKKEEKKEESEESDEDMGFGLFD)[159.1509].,16535000.0
translation_housekeeping,optic_tectum,proteoform_ID_Teo2.xlsx,143,sp|Q5MJ86|G3P2_DANRE,gapdh-2,Glyceraldehyde-3-phosphate dehydrogenase 2 OS=Danio rerio OX=7955 GN=gapdh-2 PE=2 SV=1,K.AAHGPMKGILGYTEDSVVSSDFVGDTHSSIFDAGAGISLNDNFVKLISWYDNEFGYSHRVADLLMYMHSKE.,115570000.0
translation_housekeeping,optic_tectum,proteoform_ID_Teo2.xlsx,429,tr|A8WHV7|A8WHV7_DANRE,mrps36,Mitochondrial ribosomal protein S36 OS=Danio rerio OX=7955 GN=mrps36 PE=1 SV=1,L.TASLPQLSQSTAPSAASVSPPPRPPGPASRLPGTPDSIAVVRELPQRY.R,491050.0
translation_housekeeping,optic_tectum,proteoform_ID_Teo2.xlsx,436,tr|A8WHV7|A8WHV7_DANRE,mrps36,Mitochondrial ribosomal protein S36 OS=Danio rerio OX=7955 GN=mrps36 PE=1 SV=1,L.SQSTAPSAASVSPPPRPPGPASRLPGTPDSIAVVRELPQRY.R,931000.0
translation_housekeeping,optic_tectum,proteoform_ID_Teo2.xlsx,446,sp|Q92005|EF1A_DANRE,eef1a,Elongation factor 1-alpha OS=Danio rerio OX=7955 GN=eef1a PE=2 SV=1,K.IGGIGTVPVGRVETGVLKPGMVVTFAPANVTTEVK.S,1717500.0
